a	b
O14530	O15355
O14530	O43290
O14530	P0DPH7
O14530	P14314
O14530	P14314-2
O14530	P22626-2
O14530	P31689
O14530	P35243
O14530	P35527
O14530	P38432
O14530	P39023
O14530	P61247
O14530	P62330
O14530	Q04724
O14530	Q13432
O14530	Q15796-2
O14530	Q15797
O14530	Q3ZCM7
O14530	Q5VWN6
O14530	Q68D86
O14530	Q6PJP8
O14530	Q70CQ2
O14530	Q86YZ3
O14530	Q8IX01
O14530	Q8N129
O14530	Q8WTT2
O14530	Q92597
O14530	Q96A57
O14530	Q99418
O14530	Q9BQ39
O14530	Q9BRR8
O14530	Q9BZV1-2
O14530	Q9H501
O14530	Q9HCE7-2
O14530	Q9HCU4
O14530	Q9NYB0
O14530	Q9Y6M5
O14530	P49703
B2RXF5	O14530
O00305	O14530
O00746	O14530
O14530	O75955
O14530	P19237
O14530	P20807
O14530	P25786
O14530	P50221
O14530	P50222
O14530	P54136
O14530	Q08426
O14530	Q16877
O14530	Q16877-2
O14530	Q2TBE0
O14530	Q3B820
O14530	Q3SY00
O14530	Q6NX45
O14530	Q6ZNG0
O14530	Q6ZV73
O14530	Q86YV0
O14530	Q8IZD4
O14530	Q8N0S2
O14530	Q8N5R6-4
O14530	Q8N8B7
O14530	Q8N8B7-2
O14530	Q8TBB1
O14530	Q8TD31
O14530	Q8TEC5
O14530	Q96BZ8
O14530	Q96CN5
O14530	Q96GM5
O14530	Q96HB5
O14530	Q96LK0
O14530	Q96MA6
O14530	Q9BWD3
O14530	Q9BYV2
O14530	Q9H0I2
O14530	Q9H6F5
O14530	Q9HD26
O14530	Q9NPJ8
O14530	Q9NRI5
O14530	Q9NYB9
O14530	Q9NYJ8
O14530	Q9P2K3
O14530	Q9P2M7
O14530	Q9Y250
O14530	Q9Y2Y4
O14530	Q9Y586
O15355	O43290
O15355	P0DPH7
O15355	P14314
O15355	P14314-2
O15355	P22626-2
O15355	P31689
O15355	P35243
O15355	P35527
O15355	P38432
O15355	P39023
O15355	P61247
O15355	P62330
O15355	Q04724
O15355	Q13432
O15355	Q15796-2
O15355	Q15797
O15355	Q3ZCM7
O15355	Q5VWN6
O15355	Q68D86
O15355	Q6PJP8
O15355	Q70CQ2
O15355	Q86YZ3
O15355	Q8IX01
O15355	Q8N129
O15355	Q8WTT2
O15355	Q92597
O15355	Q96A57
O15355	Q99418
O15355	Q9BQ39
O15355	Q9BRR8
O15355	Q9BZV1-2
O15355	Q9H501
O15355	Q9HCE7-2
O15355	Q9HCU4
O15355	Q9NYB0
O15355	Q9Y6M5
O15355	P49703
B2RXF5	O15355
O00305	O15355
O00746	O15355
O15355	O75955
O15355	P19237
O15355	P20807
O15355	P25786
O15355	P50221
O15355	P50222
O15355	P54136
O15355	Q08426
O15355	Q16877
O15355	Q16877-2
O15355	Q2TBE0
O15355	Q3B820
O15355	Q3SY00
O15355	Q6NX45
O15355	Q6ZNG0
O15355	Q6ZV73
O15355	Q86YV0
O15355	Q8IZD4
O15355	Q8N0S2
O15355	Q8N5R6-4
O15355	Q8N8B7
O15355	Q8N8B7-2
O15355	Q8TBB1
O15355	Q8TD31
O15355	Q8TEC5
O15355	Q96BZ8
O15355	Q96CN5
O15355	Q96GM5
O15355	Q96HB5
O15355	Q96LK0
O15355	Q96MA6
O15355	Q9BWD3
O15355	Q9BYV2
O15355	Q9H0I2
O15355	Q9H6F5
O15355	Q9HD26
O15355	Q9NPJ8
O15355	Q9NRI5
O15355	Q9NYB9
O15355	Q9NYJ8
O15355	Q9P2K3
O15355	Q9P2M7
O15355	Q9Y250
O15355	Q9Y2Y4
O15355	Q9Y586
O43290	P0DPH7
O43290	P14314
O43290	P14314-2
O43290	P22626-2
O43290	P31689
O43290	P35243
O43290	P35527
O43290	P38432
O43290	P39023
O43290	P61247
O43290	P62330
O43290	Q04724
O43290	Q13432
O43290	Q15796-2
O43290	Q15797
O43290	Q3ZCM7
O43290	Q5VWN6
O43290	Q68D86
O43290	Q6PJP8
O43290	Q70CQ2
O43290	Q86YZ3
O43290	Q8IX01
O43290	Q8N129
O43290	Q8WTT2
O43290	Q92597
O43290	Q96A57
O43290	Q99418
O43290	Q9BQ39
O43290	Q9BRR8
O43290	Q9BZV1-2
O43290	Q9H501
O43290	Q9HCE7-2
O43290	Q9HCU4
O43290	Q9NYB0
O43290	Q9Y6M5
O43290	P49703
B2RXF5	O43290
O00305	O43290
O00746	O43290
O43290	O75955
O43290	P19237
O43290	P20807
O43290	P25786
O43290	P50221
O43290	P50222
O43290	P54136
O43290	Q08426
O43290	Q16877
O43290	Q16877-2
O43290	Q2TBE0
O43290	Q3B820
O43290	Q3SY00
O43290	Q6NX45
O43290	Q6ZNG0
O43290	Q6ZV73
O43290	Q86YV0
O43290	Q8IZD4
O43290	Q8N0S2
O43290	Q8N5R6-4
O43290	Q8N8B7
O43290	Q8N8B7-2
O43290	Q8TBB1
O43290	Q8TD31
O43290	Q8TEC5
O43290	Q96BZ8
O43290	Q96CN5
O43290	Q96GM5
O43290	Q96HB5
O43290	Q96LK0
O43290	Q96MA6
O43290	Q9BWD3
O43290	Q9BYV2
O43290	Q9H0I2
O43290	Q9H6F5
O43290	Q9HD26
O43290	Q9NPJ8
O43290	Q9NRI5
O43290	Q9NYB9
O43290	Q9NYJ8
O43290	Q9P2K3
O43290	Q9P2M7
O43290	Q9Y250
O43290	Q9Y2Y4
O43290	Q9Y586
P0DPH7	P14314
P0DPH7	P14314-2
P0DPH7	P22626-2
P0DPH7	P31689
P0DPH7	P35243
P0DPH7	P35527
P0DPH7	P38432
P0DPH7	P39023
P0DPH7	P61247
P0DPH7	P62330
P0DPH7	Q04724
P0DPH7	Q13432
P0DPH7	Q15796-2
P0DPH7	Q15797
P0DPH7	Q3ZCM7
P0DPH7	Q5VWN6
P0DPH7	Q68D86
P0DPH7	Q6PJP8
P0DPH7	Q70CQ2
P0DPH7	Q86YZ3
P0DPH7	Q8IX01
P0DPH7	Q8N129
P0DPH7	Q8WTT2
P0DPH7	Q92597
P0DPH7	Q96A57
P0DPH7	Q99418
P0DPH7	Q9BQ39
P0DPH7	Q9BRR8
P0DPH7	Q9BZV1-2
P0DPH7	Q9H501
P0DPH7	Q9HCE7-2
P0DPH7	Q9HCU4
P0DPH7	Q9NYB0
P0DPH7	Q9Y6M5
P0DPH7	P49703
B2RXF5	P0DPH7
O00305	P0DPH7
O00746	P0DPH7
O75955	P0DPH7
P0DPH7	P19237
P0DPH7	P20807
P0DPH7	P25786
P0DPH7	P50221
P0DPH7	P50222
P0DPH7	P54136
P0DPH7	Q08426
P0DPH7	Q16877
P0DPH7	Q16877-2
P0DPH7	Q2TBE0
P0DPH7	Q3B820
P0DPH7	Q3SY00
P0DPH7	Q6NX45
P0DPH7	Q6ZNG0
P0DPH7	Q6ZV73
P0DPH7	Q86YV0
P0DPH7	Q8IZD4
P0DPH7	Q8N0S2
P0DPH7	Q8N5R6-4
P0DPH7	Q8N8B7
P0DPH7	Q8N8B7-2
P0DPH7	Q8TBB1
P0DPH7	Q8TD31
P0DPH7	Q8TEC5
P0DPH7	Q96BZ8
P0DPH7	Q96CN5
P0DPH7	Q96GM5
P0DPH7	Q96HB5
P0DPH7	Q96LK0
P0DPH7	Q96MA6
P0DPH7	Q9BWD3
P0DPH7	Q9BYV2
P0DPH7	Q9H0I2
P0DPH7	Q9H6F5
P0DPH7	Q9HD26
P0DPH7	Q9NPJ8
P0DPH7	Q9NRI5
P0DPH7	Q9NYB9
P0DPH7	Q9NYJ8
P0DPH7	Q9P2K3
P0DPH7	Q9P2M7
P0DPH7	Q9Y250
P0DPH7	Q9Y2Y4
P0DPH7	Q9Y586
P14314	P14314-2
P14314	P22626-2
P14314	P31689
P14314	P35243
P14314	P35527
P14314	P38432
P14314	P39023
P14314	P61247
P14314	P62330
P14314	Q04724
P14314	Q13432
P14314	Q15796-2
P14314	Q15797
P14314	Q3ZCM7
P14314	Q5VWN6
P14314	Q68D86
P14314	Q6PJP8
P14314	Q70CQ2
P14314	Q86YZ3
P14314	Q8IX01
P14314	Q8N129
P14314	Q8WTT2
P14314	Q92597
P14314	Q96A57
P14314	Q99418
P14314	Q9BQ39
P14314	Q9BRR8
P14314	Q9BZV1-2
P14314	Q9H501
P14314	Q9HCE7-2
P14314	Q9HCU4
P14314	Q9NYB0
P14314	Q9Y6M5
P14314	P49703
B2RXF5	P14314
O00305	P14314
O00746	P14314
O75955	P14314
P14314	P19237
P14314	P20807
P14314	P25786
P14314	P50221
P14314	P50222
P14314	P54136
P14314	Q08426
P14314	Q16877
P14314	Q16877-2
P14314	Q2TBE0
P14314	Q3B820
P14314	Q3SY00
P14314	Q6NX45
P14314	Q6ZNG0
P14314	Q6ZV73
P14314	Q86YV0
P14314	Q8IZD4
P14314	Q8N0S2
P14314	Q8N5R6-4
P14314	Q8N8B7
P14314	Q8N8B7-2
P14314	Q8TBB1
P14314	Q8TD31
P14314	Q8TEC5
P14314	Q96BZ8
P14314	Q96CN5
P14314	Q96GM5
P14314	Q96HB5
P14314	Q96LK0
P14314	Q96MA6
P14314	Q9BWD3
P14314	Q9BYV2
P14314	Q9H0I2
P14314	Q9H6F5
P14314	Q9HD26
P14314	Q9NPJ8
P14314	Q9NRI5
P14314	Q9NYB9
P14314	Q9NYJ8
P14314	Q9P2K3
P14314	Q9P2M7
P14314	Q9Y250
P14314	Q9Y2Y4
P14314	Q9Y586
P14314-2	P22626-2
P14314-2	P31689
P14314-2	P35243
P14314-2	P35527
P14314-2	P38432
P14314-2	P39023
P14314-2	P61247
P14314-2	P62330
P14314-2	Q04724
P14314-2	Q13432
P14314-2	Q15796-2
P14314-2	Q15797
P14314-2	Q3ZCM7
P14314-2	Q5VWN6
P14314-2	Q68D86
P14314-2	Q6PJP8
P14314-2	Q70CQ2
P14314-2	Q86YZ3
P14314-2	Q8IX01
P14314-2	Q8N129
P14314-2	Q8WTT2
P14314-2	Q92597
P14314-2	Q96A57
P14314-2	Q99418
P14314-2	Q9BQ39
P14314-2	Q9BRR8
P14314-2	Q9BZV1-2
P14314-2	Q9H501
P14314-2	Q9HCE7-2
P14314-2	Q9HCU4
P14314-2	Q9NYB0
P14314-2	Q9Y6M5
P14314-2	P49703
B2RXF5	P14314-2
O00305	P14314-2
O00746	P14314-2
O75955	P14314-2
P14314-2	P19237
P14314-2	P20807
P14314-2	P25786
P14314-2	P50221
P14314-2	P50222
P14314-2	P54136
P14314-2	Q08426
P14314-2	Q16877
P14314-2	Q16877-2
P14314-2	Q2TBE0
P14314-2	Q3B820
P14314-2	Q3SY00
P14314-2	Q6NX45
P14314-2	Q6ZNG0
P14314-2	Q6ZV73
P14314-2	Q86YV0
P14314-2	Q8IZD4
P14314-2	Q8N0S2
P14314-2	Q8N5R6-4
P14314-2	Q8N8B7
P14314-2	Q8N8B7-2
P14314-2	Q8TBB1
P14314-2	Q8TD31
P14314-2	Q8TEC5
P14314-2	Q96BZ8
P14314-2	Q96CN5
P14314-2	Q96GM5
P14314-2	Q96HB5
P14314-2	Q96LK0
P14314-2	Q96MA6
P14314-2	Q9BWD3
P14314-2	Q9BYV2
P14314-2	Q9H0I2
P14314-2	Q9H6F5
P14314-2	Q9HD26
P14314-2	Q9NPJ8
P14314-2	Q9NRI5
P14314-2	Q9NYB9
P14314-2	Q9NYJ8
P14314-2	Q9P2K3
P14314-2	Q9P2M7
P14314-2	Q9Y250
P14314-2	Q9Y2Y4
P14314-2	Q9Y586
P22626-2	P31689
P22626-2	P35243
P22626-2	P35527
P22626-2	P38432
P22626-2	P39023
P22626-2	P61247
P22626-2	P62330
P22626-2	Q04724
P22626-2	Q13432
P22626-2	Q15796-2
P22626-2	Q15797
P22626-2	Q3ZCM7
P22626-2	Q5VWN6
P22626-2	Q68D86
P22626-2	Q6PJP8
P22626-2	Q70CQ2
P22626-2	Q86YZ3
P22626-2	Q8IX01
P22626-2	Q8N129
P22626-2	Q8WTT2
P22626-2	Q92597
P22626-2	Q96A57
P22626-2	Q99418
P22626-2	Q9BQ39
P22626-2	Q9BRR8
P22626-2	Q9BZV1-2
P22626-2	Q9H501
P22626-2	Q9HCE7-2
P22626-2	Q9HCU4
P22626-2	Q9NYB0
P22626-2	Q9Y6M5
P22626-2	P49703
B2RXF5	P22626-2
O00305	P22626-2
O00746	P22626-2
O75955	P22626-2
P19237	P22626-2
P20807	P22626-2
P22626-2	P25786
P22626-2	P50221
P22626-2	P50222
P22626-2	P54136
P22626-2	Q08426
P22626-2	Q16877
P22626-2	Q16877-2
P22626-2	Q2TBE0
P22626-2	Q3B820
P22626-2	Q3SY00
P22626-2	Q6NX45
P22626-2	Q6ZNG0
P22626-2	Q6ZV73
P22626-2	Q86YV0
P22626-2	Q8IZD4
P22626-2	Q8N0S2
P22626-2	Q8N5R6-4
P22626-2	Q8N8B7
P22626-2	Q8N8B7-2
P22626-2	Q8TBB1
P22626-2	Q8TD31
P22626-2	Q8TEC5
P22626-2	Q96BZ8
P22626-2	Q96CN5
P22626-2	Q96GM5
P22626-2	Q96HB5
P22626-2	Q96LK0
P22626-2	Q96MA6
P22626-2	Q9BWD3
P22626-2	Q9BYV2
P22626-2	Q9H0I2
P22626-2	Q9H6F5
P22626-2	Q9HD26
P22626-2	Q9NPJ8
P22626-2	Q9NRI5
P22626-2	Q9NYB9
P22626-2	Q9NYJ8
P22626-2	Q9P2K3
P22626-2	Q9P2M7
P22626-2	Q9Y250
P22626-2	Q9Y2Y4
P22626-2	Q9Y586
P31689	P35243
P31689	P35527
P31689	P38432
P31689	P39023
P31689	P61247
P31689	P62330
P31689	Q04724
P31689	Q13432
P31689	Q15796-2
P31689	Q15797
P31689	Q3ZCM7
P31689	Q5VWN6
P31689	Q68D86
P31689	Q6PJP8
P31689	Q70CQ2
P31689	Q86YZ3
P31689	Q8IX01
P31689	Q8N129
P31689	Q8WTT2
P31689	Q92597
P31689	Q96A57
P31689	Q99418
P31689	Q9BQ39
P31689	Q9BRR8
P31689	Q9BZV1-2
P31689	Q9H501
P31689	Q9HCE7-2
P31689	Q9HCU4
P31689	Q9NYB0
P31689	Q9Y6M5
P31689	P49703
B2RXF5	P31689
O00305	P31689
O00746	P31689
O75955	P31689
P19237	P31689
P20807	P31689
P25786	P31689
P31689	P50221
P31689	P50222
P31689	P54136
P31689	Q08426
P31689	Q16877
P31689	Q16877-2
P31689	Q2TBE0
P31689	Q3B820
P31689	Q3SY00
P31689	Q6NX45
P31689	Q6ZNG0
P31689	Q6ZV73
P31689	Q86YV0
P31689	Q8IZD4
P31689	Q8N0S2
P31689	Q8N5R6-4
P31689	Q8N8B7
P31689	Q8N8B7-2
P31689	Q8TBB1
P31689	Q8TD31
P31689	Q8TEC5
P31689	Q96BZ8
P31689	Q96CN5
P31689	Q96GM5
P31689	Q96HB5
P31689	Q96LK0
P31689	Q96MA6
P31689	Q9BWD3
P31689	Q9BYV2
P31689	Q9H0I2
P31689	Q9H6F5
P31689	Q9HD26
P31689	Q9NPJ8
P31689	Q9NRI5
P31689	Q9NYB9
P31689	Q9NYJ8
P31689	Q9P2K3
P31689	Q9P2M7
P31689	Q9Y250
P31689	Q9Y2Y4
P31689	Q9Y586
P35243	P35527
P35243	P38432
P35243	P39023
P35243	P61247
P35243	P62330
P35243	Q04724
P35243	Q13432
P35243	Q15796-2
P35243	Q15797
P35243	Q3ZCM7
P35243	Q5VWN6
P35243	Q68D86
P35243	Q6PJP8
P35243	Q70CQ2
P35243	Q86YZ3
P35243	Q8IX01
P35243	Q8N129
P35243	Q8WTT2
P35243	Q92597
P35243	Q96A57
P35243	Q99418
P35243	Q9BQ39
P35243	Q9BRR8
P35243	Q9BZV1-2
P35243	Q9H501
P35243	Q9HCE7-2
P35243	Q9HCU4
P35243	Q9NYB0
P35243	Q9Y6M5
P35243	P49703
B2RXF5	P35243
O00305	P35243
O00746	P35243
O75955	P35243
P19237	P35243
P20807	P35243
P25786	P35243
P35243	P50221
P35243	P50222
P35243	P54136
P35243	Q08426
P35243	Q16877
P35243	Q16877-2
P35243	Q2TBE0
P35243	Q3B820
P35243	Q3SY00
P35243	Q6NX45
P35243	Q6ZNG0
P35243	Q6ZV73
P35243	Q86YV0
P35243	Q8IZD4
P35243	Q8N0S2
P35243	Q8N5R6-4
P35243	Q8N8B7
P35243	Q8N8B7-2
P35243	Q8TBB1
P35243	Q8TD31
P35243	Q8TEC5
P35243	Q96BZ8
P35243	Q96CN5
P35243	Q96GM5
P35243	Q96HB5
P35243	Q96LK0
P35243	Q96MA6
P35243	Q9BWD3
P35243	Q9BYV2
P35243	Q9H0I2
P35243	Q9H6F5
P35243	Q9HD26
P35243	Q9NPJ8
P35243	Q9NRI5
P35243	Q9NYB9
P35243	Q9NYJ8
P35243	Q9P2K3
P35243	Q9P2M7
P35243	Q9Y250
P35243	Q9Y2Y4
P35243	Q9Y586
P35527	P38432
P35527	P39023
P35527	P61247
P35527	P62330
P35527	Q04724
P35527	Q13432
P35527	Q15796-2
P35527	Q15797
P35527	Q3ZCM7
P35527	Q5VWN6
P35527	Q68D86
P35527	Q6PJP8
P35527	Q70CQ2
P35527	Q86YZ3
P35527	Q8IX01
P35527	Q8N129
P35527	Q8WTT2
P35527	Q92597
P35527	Q96A57
P35527	Q99418
P35527	Q9BQ39
P35527	Q9BRR8
P35527	Q9BZV1-2
P35527	Q9H501
P35527	Q9HCE7-2
P35527	Q9HCU4
P35527	Q9NYB0
P35527	Q9Y6M5
P35527	P49703
B2RXF5	P35527
O00305	P35527
O00746	P35527
O75955	P35527
P19237	P35527
P20807	P35527
P25786	P35527
P35527	P50221
P35527	P50222
P35527	P54136
P35527	Q08426
P35527	Q16877
P35527	Q16877-2
P35527	Q2TBE0
P35527	Q3B820
P35527	Q3SY00
P35527	Q6NX45
P35527	Q6ZNG0
P35527	Q6ZV73
P35527	Q86YV0
P35527	Q8IZD4
P35527	Q8N0S2
P35527	Q8N5R6-4
P35527	Q8N8B7
P35527	Q8N8B7-2
P35527	Q8TBB1
P35527	Q8TD31
P35527	Q8TEC5
P35527	Q96BZ8
P35527	Q96CN5
P35527	Q96GM5
P35527	Q96HB5
P35527	Q96LK0
P35527	Q96MA6
P35527	Q9BWD3
P35527	Q9BYV2
P35527	Q9H0I2
P35527	Q9H6F5
P35527	Q9HD26
P35527	Q9NPJ8
P35527	Q9NRI5
P35527	Q9NYB9
P35527	Q9NYJ8
P35527	Q9P2K3
P35527	Q9P2M7
P35527	Q9Y250
P35527	Q9Y2Y4
P35527	Q9Y586
P38432	P39023
P38432	P61247
P38432	P62330
P38432	Q04724
P38432	Q13432
P38432	Q15796-2
P38432	Q15797
P38432	Q3ZCM7
P38432	Q5VWN6
P38432	Q68D86
P38432	Q6PJP8
P38432	Q70CQ2
P38432	Q86YZ3
P38432	Q8IX01
P38432	Q8N129
P38432	Q8WTT2
P38432	Q92597
P38432	Q96A57
P38432	Q99418
P38432	Q9BQ39
P38432	Q9BRR8
P38432	Q9BZV1-2
P38432	Q9H501
P38432	Q9HCE7-2
P38432	Q9HCU4
P38432	Q9NYB0
P38432	Q9Y6M5
P38432	P49703
B2RXF5	P38432
O00305	P38432
O00746	P38432
O75955	P38432
P19237	P38432
P20807	P38432
P25786	P38432
P38432	P50221
P38432	P50222
P38432	P54136
P38432	Q08426
P38432	Q16877
P38432	Q16877-2
P38432	Q2TBE0
P38432	Q3B820
P38432	Q3SY00
P38432	Q6NX45
P38432	Q6ZNG0
P38432	Q6ZV73
P38432	Q86YV0
P38432	Q8IZD4
P38432	Q8N0S2
P38432	Q8N5R6-4
P38432	Q8N8B7
P38432	Q8N8B7-2
P38432	Q8TBB1
P38432	Q8TD31
P38432	Q8TEC5
P38432	Q96BZ8
P38432	Q96CN5
P38432	Q96GM5
P38432	Q96HB5
P38432	Q96LK0
P38432	Q96MA6
P38432	Q9BWD3
P38432	Q9BYV2
P38432	Q9H0I2
P38432	Q9H6F5
P38432	Q9HD26
P38432	Q9NPJ8
P38432	Q9NRI5
P38432	Q9NYB9
P38432	Q9NYJ8
P38432	Q9P2K3
P38432	Q9P2M7
P38432	Q9Y250
P38432	Q9Y2Y4
P38432	Q9Y586
P39023	P61247
P39023	P62330
P39023	Q04724
P39023	Q13432
P39023	Q15796-2
P39023	Q15797
P39023	Q3ZCM7
P39023	Q5VWN6
P39023	Q68D86
P39023	Q6PJP8
P39023	Q70CQ2
P39023	Q86YZ3
P39023	Q8IX01
P39023	Q8N129
P39023	Q8WTT2
P39023	Q92597
P39023	Q96A57
P39023	Q99418
P39023	Q9BQ39
P39023	Q9BRR8
P39023	Q9BZV1-2
P39023	Q9H501
P39023	Q9HCE7-2
P39023	Q9HCU4
P39023	Q9NYB0
P39023	Q9Y6M5
P39023	P49703
B2RXF5	P39023
O00305	P39023
O00746	P39023
O75955	P39023
P19237	P39023
P20807	P39023
P25786	P39023
P39023	P50221
P39023	P50222
P39023	P54136
P39023	Q08426
P39023	Q16877
P39023	Q16877-2
P39023	Q2TBE0
P39023	Q3B820
P39023	Q3SY00
P39023	Q6NX45
P39023	Q6ZNG0
P39023	Q6ZV73
P39023	Q86YV0
P39023	Q8IZD4
P39023	Q8N0S2
P39023	Q8N5R6-4
P39023	Q8N8B7
P39023	Q8N8B7-2
P39023	Q8TBB1
P39023	Q8TD31
P39023	Q8TEC5
P39023	Q96BZ8
P39023	Q96CN5
P39023	Q96GM5
P39023	Q96HB5
P39023	Q96LK0
P39023	Q96MA6
P39023	Q9BWD3
P39023	Q9BYV2
P39023	Q9H0I2
P39023	Q9H6F5
P39023	Q9HD26
P39023	Q9NPJ8
P39023	Q9NRI5
P39023	Q9NYB9
P39023	Q9NYJ8
P39023	Q9P2K3
P39023	Q9P2M7
P39023	Q9Y250
P39023	Q9Y2Y4
P39023	Q9Y586
P61247	P62330
P61247	Q04724
P61247	Q13432
P61247	Q15796-2
P61247	Q15797
P61247	Q3ZCM7
P61247	Q5VWN6
P61247	Q68D86
P61247	Q6PJP8
P61247	Q70CQ2
P61247	Q86YZ3
P61247	Q8IX01
P61247	Q8N129
P61247	Q8WTT2
P61247	Q92597
P61247	Q96A57
P61247	Q99418
P61247	Q9BQ39
P61247	Q9BRR8
P61247	Q9BZV1-2
P61247	Q9H501
P61247	Q9HCE7-2
P61247	Q9HCU4
P61247	Q9NYB0
P61247	Q9Y6M5
P49703	P61247
B2RXF5	P61247
O00305	P61247
O00746	P61247
O75955	P61247
P19237	P61247
P20807	P61247
P25786	P61247
P50221	P61247
P50222	P61247
P54136	P61247
P61247	Q08426
P61247	Q16877
P61247	Q16877-2
P61247	Q2TBE0
P61247	Q3B820
P61247	Q3SY00
P61247	Q6NX45
P61247	Q6ZNG0
P61247	Q6ZV73
P61247	Q86YV0
P61247	Q8IZD4
P61247	Q8N0S2
P61247	Q8N5R6-4
P61247	Q8N8B7
P61247	Q8N8B7-2
P61247	Q8TBB1
P61247	Q8TD31
P61247	Q8TEC5
P61247	Q96BZ8
P61247	Q96CN5
P61247	Q96GM5
P61247	Q96HB5
P61247	Q96LK0
P61247	Q96MA6
P61247	Q9BWD3
P61247	Q9BYV2
P61247	Q9H0I2
P61247	Q9H6F5
P61247	Q9HD26
P61247	Q9NPJ8
P61247	Q9NRI5
P61247	Q9NYB9
P61247	Q9NYJ8
P61247	Q9P2K3
P61247	Q9P2M7
P61247	Q9Y250
P61247	Q9Y2Y4
P61247	Q9Y586
P62330	Q04724
P62330	Q13432
P62330	Q15796-2
P62330	Q15797
P62330	Q3ZCM7
P62330	Q5VWN6
P62330	Q68D86
P62330	Q6PJP8
P62330	Q70CQ2
P62330	Q86YZ3
P62330	Q8IX01
P62330	Q8N129
P62330	Q8WTT2
P62330	Q92597
P62330	Q96A57
P62330	Q99418
P62330	Q9BQ39
P62330	Q9BRR8
P62330	Q9BZV1-2
P62330	Q9H501
P62330	Q9HCE7-2
P62330	Q9HCU4
P62330	Q9NYB0
P62330	Q9Y6M5
P49703	P62330
B2RXF5	P62330
O00305	P62330
O00746	P62330
O75955	P62330
P19237	P62330
P20807	P62330
P25786	P62330
P50221	P62330
P50222	P62330
P54136	P62330
P62330	Q08426
P62330	Q16877
P62330	Q16877-2
P62330	Q2TBE0
P62330	Q3B820
P62330	Q3SY00
P62330	Q6NX45
P62330	Q6ZNG0
P62330	Q6ZV73
P62330	Q86YV0
P62330	Q8IZD4
P62330	Q8N0S2
P62330	Q8N5R6-4
P62330	Q8N8B7
P62330	Q8N8B7-2
P62330	Q8TBB1
P62330	Q8TD31
P62330	Q8TEC5
P62330	Q96BZ8
P62330	Q96CN5
P62330	Q96GM5
P62330	Q96HB5
P62330	Q96LK0
P62330	Q96MA6
P62330	Q9BWD3
P62330	Q9BYV2
P62330	Q9H0I2
P62330	Q9H6F5
P62330	Q9HD26
P62330	Q9NPJ8
P62330	Q9NRI5
P62330	Q9NYB9
P62330	Q9NYJ8
P62330	Q9P2K3
P62330	Q9P2M7
P62330	Q9Y250
P62330	Q9Y2Y4
P62330	Q9Y586
Q04724	Q13432
Q04724	Q15796-2
Q04724	Q15797
Q04724	Q3ZCM7
Q04724	Q5VWN6
Q04724	Q68D86
Q04724	Q6PJP8
Q04724	Q70CQ2
Q04724	Q86YZ3
Q04724	Q8IX01
Q04724	Q8N129
Q04724	Q8WTT2
Q04724	Q92597
Q04724	Q96A57
Q04724	Q99418
Q04724	Q9BQ39
Q04724	Q9BRR8
Q04724	Q9BZV1-2
Q04724	Q9H501
Q04724	Q9HCE7-2
Q04724	Q9HCU4
Q04724	Q9NYB0
Q04724	Q9Y6M5
P49703	Q04724
B2RXF5	Q04724
O00305	Q04724
O00746	Q04724
O75955	Q04724
P19237	Q04724
P20807	Q04724
P25786	Q04724
P50221	Q04724
P50222	Q04724
P54136	Q04724
Q04724	Q08426
Q04724	Q16877
Q04724	Q16877-2
Q04724	Q2TBE0
Q04724	Q3B820
Q04724	Q3SY00
Q04724	Q6NX45
Q04724	Q6ZNG0
Q04724	Q6ZV73
Q04724	Q86YV0
Q04724	Q8IZD4
Q04724	Q8N0S2
Q04724	Q8N5R6-4
Q04724	Q8N8B7
Q04724	Q8N8B7-2
Q04724	Q8TBB1
Q04724	Q8TD31
Q04724	Q8TEC5
Q04724	Q96BZ8
Q04724	Q96CN5
Q04724	Q96GM5
Q04724	Q96HB5
Q04724	Q96LK0
Q04724	Q96MA6
Q04724	Q9BWD3
Q04724	Q9BYV2
Q04724	Q9H0I2
Q04724	Q9H6F5
Q04724	Q9HD26
Q04724	Q9NPJ8
Q04724	Q9NRI5
Q04724	Q9NYB9
Q04724	Q9NYJ8
Q04724	Q9P2K3
Q04724	Q9P2M7
Q04724	Q9Y250
Q04724	Q9Y2Y4
Q04724	Q9Y586
Q13432	Q15796-2
Q13432	Q15797
Q13432	Q3ZCM7
Q13432	Q5VWN6
Q13432	Q68D86
Q13432	Q6PJP8
Q13432	Q70CQ2
Q13432	Q86YZ3
Q13432	Q8IX01
Q13432	Q8N129
Q13432	Q8WTT2
Q13432	Q92597
Q13432	Q96A57
Q13432	Q99418
Q13432	Q9BQ39
Q13432	Q9BRR8
Q13432	Q9BZV1-2
Q13432	Q9H501
Q13432	Q9HCE7-2
Q13432	Q9HCU4
Q13432	Q9NYB0
Q13432	Q9Y6M5
P49703	Q13432
B2RXF5	Q13432
O00305	Q13432
O00746	Q13432
O75955	Q13432
P19237	Q13432
P20807	Q13432
P25786	Q13432
P50221	Q13432
P50222	Q13432
P54136	Q13432
Q08426	Q13432
Q13432	Q16877
Q13432	Q16877-2
Q13432	Q2TBE0
Q13432	Q3B820
Q13432	Q3SY00
Q13432	Q6NX45
Q13432	Q6ZNG0
Q13432	Q6ZV73
Q13432	Q86YV0
Q13432	Q8IZD4
Q13432	Q8N0S2
Q13432	Q8N5R6-4
Q13432	Q8N8B7
Q13432	Q8N8B7-2
Q13432	Q8TBB1
Q13432	Q8TD31
Q13432	Q8TEC5
Q13432	Q96BZ8
Q13432	Q96CN5
Q13432	Q96GM5
Q13432	Q96HB5
Q13432	Q96LK0
Q13432	Q96MA6
Q13432	Q9BWD3
Q13432	Q9BYV2
Q13432	Q9H0I2
Q13432	Q9H6F5
Q13432	Q9HD26
Q13432	Q9NPJ8
Q13432	Q9NRI5
Q13432	Q9NYB9
Q13432	Q9NYJ8
Q13432	Q9P2K3
Q13432	Q9P2M7
Q13432	Q9Y250
Q13432	Q9Y2Y4
Q13432	Q9Y586
Q15796-2	Q15797
Q15796-2	Q3ZCM7
Q15796-2	Q5VWN6
Q15796-2	Q68D86
Q15796-2	Q6PJP8
Q15796-2	Q70CQ2
Q15796-2	Q86YZ3
Q15796-2	Q8IX01
Q15796-2	Q8N129
Q15796-2	Q8WTT2
Q15796-2	Q92597
Q15796-2	Q96A57
Q15796-2	Q99418
Q15796-2	Q9BQ39
Q15796-2	Q9BRR8
Q15796-2	Q9BZV1-2
Q15796-2	Q9H501
Q15796-2	Q9HCE7-2
Q15796-2	Q9HCU4
Q15796-2	Q9NYB0
Q15796-2	Q9Y6M5
P49703	Q15796-2
B2RXF5	Q15796-2
O00305	Q15796-2
O00746	Q15796-2
O75955	Q15796-2
P19237	Q15796-2
P20807	Q15796-2
P25786	Q15796-2
P50221	Q15796-2
P50222	Q15796-2
P54136	Q15796-2
Q08426	Q15796-2
Q15796-2	Q16877
Q15796-2	Q16877-2
Q15796-2	Q2TBE0
Q15796-2	Q3B820
Q15796-2	Q3SY00
Q15796-2	Q6NX45
Q15796-2	Q6ZNG0
Q15796-2	Q6ZV73
Q15796-2	Q86YV0
Q15796-2	Q8IZD4
Q15796-2	Q8N0S2
Q15796-2	Q8N5R6-4
Q15796-2	Q8N8B7
Q15796-2	Q8N8B7-2
Q15796-2	Q8TBB1
Q15796-2	Q8TD31
Q15796-2	Q8TEC5
Q15796-2	Q96BZ8
Q15796-2	Q96CN5
Q15796-2	Q96GM5
Q15796-2	Q96HB5
Q15796-2	Q96LK0
Q15796-2	Q96MA6
Q15796-2	Q9BWD3
Q15796-2	Q9BYV2
Q15796-2	Q9H0I2
Q15796-2	Q9H6F5
Q15796-2	Q9HD26
Q15796-2	Q9NPJ8
Q15796-2	Q9NRI5
Q15796-2	Q9NYB9
Q15796-2	Q9NYJ8
Q15796-2	Q9P2K3
Q15796-2	Q9P2M7
Q15796-2	Q9Y250
Q15796-2	Q9Y2Y4
Q15796-2	Q9Y586
Q15797	Q3ZCM7
Q15797	Q5VWN6
Q15797	Q68D86
Q15797	Q6PJP8
Q15797	Q70CQ2
Q15797	Q86YZ3
Q15797	Q8IX01
Q15797	Q8N129
Q15797	Q8WTT2
Q15797	Q92597
Q15797	Q96A57
Q15797	Q99418
Q15797	Q9BQ39
Q15797	Q9BRR8
Q15797	Q9BZV1-2
Q15797	Q9H501
Q15797	Q9HCE7-2
Q15797	Q9HCU4
Q15797	Q9NYB0
Q15797	Q9Y6M5
P49703	Q15797
B2RXF5	Q15797
O00305	Q15797
O00746	Q15797
O75955	Q15797
P19237	Q15797
P20807	Q15797
P25786	Q15797
P50221	Q15797
P50222	Q15797
P54136	Q15797
Q08426	Q15797
Q15797	Q16877
Q15797	Q16877-2
Q15797	Q2TBE0
Q15797	Q3B820
Q15797	Q3SY00
Q15797	Q6NX45
Q15797	Q6ZNG0
Q15797	Q6ZV73
Q15797	Q86YV0
Q15797	Q8IZD4
Q15797	Q8N0S2
Q15797	Q8N5R6-4
Q15797	Q8N8B7
Q15797	Q8N8B7-2
Q15797	Q8TBB1
Q15797	Q8TD31
Q15797	Q8TEC5
Q15797	Q96BZ8
Q15797	Q96CN5
Q15797	Q96GM5
Q15797	Q96HB5
Q15797	Q96LK0
Q15797	Q96MA6
Q15797	Q9BWD3
Q15797	Q9BYV2
Q15797	Q9H0I2
Q15797	Q9H6F5
Q15797	Q9HD26
Q15797	Q9NPJ8
Q15797	Q9NRI5
Q15797	Q9NYB9
Q15797	Q9NYJ8
Q15797	Q9P2K3
Q15797	Q9P2M7
Q15797	Q9Y250
Q15797	Q9Y2Y4
Q15797	Q9Y586
Q3ZCM7	Q5VWN6
Q3ZCM7	Q68D86
Q3ZCM7	Q6PJP8
Q3ZCM7	Q70CQ2
Q3ZCM7	Q86YZ3
Q3ZCM7	Q8IX01
Q3ZCM7	Q8N129
Q3ZCM7	Q8WTT2
Q3ZCM7	Q92597
Q3ZCM7	Q96A57
Q3ZCM7	Q99418
Q3ZCM7	Q9BQ39
Q3ZCM7	Q9BRR8
Q3ZCM7	Q9BZV1-2
Q3ZCM7	Q9H501
Q3ZCM7	Q9HCE7-2
Q3ZCM7	Q9HCU4
Q3ZCM7	Q9NYB0
Q3ZCM7	Q9Y6M5
P49703	Q3ZCM7
B2RXF5	Q3ZCM7
O00305	Q3ZCM7
O00746	Q3ZCM7
O75955	Q3ZCM7
P19237	Q3ZCM7
P20807	Q3ZCM7
P25786	Q3ZCM7
P50221	Q3ZCM7
P50222	Q3ZCM7
P54136	Q3ZCM7
Q08426	Q3ZCM7
Q16877	Q3ZCM7
Q16877-2	Q3ZCM7
Q2TBE0	Q3ZCM7
Q3B820	Q3ZCM7
Q3SY00	Q3ZCM7
Q3ZCM7	Q6NX45
Q3ZCM7	Q6ZNG0
Q3ZCM7	Q6ZV73
Q3ZCM7	Q86YV0
Q3ZCM7	Q8IZD4
Q3ZCM7	Q8N0S2
Q3ZCM7	Q8N5R6-4
Q3ZCM7	Q8N8B7
Q3ZCM7	Q8N8B7-2
Q3ZCM7	Q8TBB1
Q3ZCM7	Q8TD31
Q3ZCM7	Q8TEC5
Q3ZCM7	Q96BZ8
Q3ZCM7	Q96CN5
Q3ZCM7	Q96GM5
Q3ZCM7	Q96HB5
Q3ZCM7	Q96LK0
Q3ZCM7	Q96MA6
Q3ZCM7	Q9BWD3
Q3ZCM7	Q9BYV2
Q3ZCM7	Q9H0I2
Q3ZCM7	Q9H6F5
Q3ZCM7	Q9HD26
Q3ZCM7	Q9NPJ8
Q3ZCM7	Q9NRI5
Q3ZCM7	Q9NYB9
Q3ZCM7	Q9NYJ8
Q3ZCM7	Q9P2K3
Q3ZCM7	Q9P2M7
Q3ZCM7	Q9Y250
Q3ZCM7	Q9Y2Y4
Q3ZCM7	Q9Y586
Q5VWN6	Q68D86
Q5VWN6	Q6PJP8
Q5VWN6	Q70CQ2
Q5VWN6	Q86YZ3
Q5VWN6	Q8IX01
Q5VWN6	Q8N129
Q5VWN6	Q8WTT2
Q5VWN6	Q92597
Q5VWN6	Q96A57
Q5VWN6	Q99418
Q5VWN6	Q9BQ39
Q5VWN6	Q9BRR8
Q5VWN6	Q9BZV1-2
Q5VWN6	Q9H501
Q5VWN6	Q9HCE7-2
Q5VWN6	Q9HCU4
Q5VWN6	Q9NYB0
Q5VWN6	Q9Y6M5
P49703	Q5VWN6
B2RXF5	Q5VWN6
O00305	Q5VWN6
O00746	Q5VWN6
O75955	Q5VWN6
P19237	Q5VWN6
P20807	Q5VWN6
P25786	Q5VWN6
P50221	Q5VWN6
P50222	Q5VWN6
P54136	Q5VWN6
Q08426	Q5VWN6
Q16877	Q5VWN6
Q16877-2	Q5VWN6
Q2TBE0	Q5VWN6
Q3B820	Q5VWN6
Q3SY00	Q5VWN6
Q5VWN6	Q6NX45
Q5VWN6	Q6ZNG0
Q5VWN6	Q6ZV73
Q5VWN6	Q86YV0
Q5VWN6	Q8IZD4
Q5VWN6	Q8N0S2
Q5VWN6	Q8N5R6-4
Q5VWN6	Q8N8B7
Q5VWN6	Q8N8B7-2
Q5VWN6	Q8TBB1
Q5VWN6	Q8TD31
Q5VWN6	Q8TEC5
Q5VWN6	Q96BZ8
Q5VWN6	Q96CN5
Q5VWN6	Q96GM5
Q5VWN6	Q96HB5
Q5VWN6	Q96LK0
Q5VWN6	Q96MA6
Q5VWN6	Q9BWD3
Q5VWN6	Q9BYV2
Q5VWN6	Q9H0I2
Q5VWN6	Q9H6F5
Q5VWN6	Q9HD26
Q5VWN6	Q9NPJ8
Q5VWN6	Q9NRI5
Q5VWN6	Q9NYB9
Q5VWN6	Q9NYJ8
Q5VWN6	Q9P2K3
Q5VWN6	Q9P2M7
Q5VWN6	Q9Y250
Q5VWN6	Q9Y2Y4
Q5VWN6	Q9Y586
Q68D86	Q6PJP8
Q68D86	Q70CQ2
Q68D86	Q86YZ3
Q68D86	Q8IX01
Q68D86	Q8N129
Q68D86	Q8WTT2
Q68D86	Q92597
Q68D86	Q96A57
Q68D86	Q99418
Q68D86	Q9BQ39
Q68D86	Q9BRR8
Q68D86	Q9BZV1-2
Q68D86	Q9H501
Q68D86	Q9HCE7-2
Q68D86	Q9HCU4
Q68D86	Q9NYB0
Q68D86	Q9Y6M5
P49703	Q68D86
B2RXF5	Q68D86
O00305	Q68D86
O00746	Q68D86
O75955	Q68D86
P19237	Q68D86
P20807	Q68D86
P25786	Q68D86
P50221	Q68D86
P50222	Q68D86
P54136	Q68D86
Q08426	Q68D86
Q16877	Q68D86
Q16877-2	Q68D86
Q2TBE0	Q68D86
Q3B820	Q68D86
Q3SY00	Q68D86
Q68D86	Q6NX45
Q68D86	Q6ZNG0
Q68D86	Q6ZV73
Q68D86	Q86YV0
Q68D86	Q8IZD4
Q68D86	Q8N0S2
Q68D86	Q8N5R6-4
Q68D86	Q8N8B7
Q68D86	Q8N8B7-2
Q68D86	Q8TBB1
Q68D86	Q8TD31
Q68D86	Q8TEC5
Q68D86	Q96BZ8
Q68D86	Q96CN5
Q68D86	Q96GM5
Q68D86	Q96HB5
Q68D86	Q96LK0
Q68D86	Q96MA6
Q68D86	Q9BWD3
Q68D86	Q9BYV2
Q68D86	Q9H0I2
Q68D86	Q9H6F5
Q68D86	Q9HD26
Q68D86	Q9NPJ8
Q68D86	Q9NRI5
Q68D86	Q9NYB9
Q68D86	Q9NYJ8
Q68D86	Q9P2K3
Q68D86	Q9P2M7
Q68D86	Q9Y250
Q68D86	Q9Y2Y4
Q68D86	Q9Y586
Q6PJP8	Q70CQ2
Q6PJP8	Q86YZ3
Q6PJP8	Q8IX01
Q6PJP8	Q8N129
Q6PJP8	Q8WTT2
Q6PJP8	Q92597
Q6PJP8	Q96A57
Q6PJP8	Q99418
Q6PJP8	Q9BQ39
Q6PJP8	Q9BRR8
Q6PJP8	Q9BZV1-2
Q6PJP8	Q9H501
Q6PJP8	Q9HCE7-2
Q6PJP8	Q9HCU4
Q6PJP8	Q9NYB0
Q6PJP8	Q9Y6M5
P49703	Q6PJP8
B2RXF5	Q6PJP8
O00305	Q6PJP8
O00746	Q6PJP8
O75955	Q6PJP8
P19237	Q6PJP8
P20807	Q6PJP8
P25786	Q6PJP8
P50221	Q6PJP8
P50222	Q6PJP8
P54136	Q6PJP8
Q08426	Q6PJP8
Q16877	Q6PJP8
Q16877-2	Q6PJP8
Q2TBE0	Q6PJP8
Q3B820	Q6PJP8
Q3SY00	Q6PJP8
Q6NX45	Q6PJP8
Q6PJP8	Q6ZNG0
Q6PJP8	Q6ZV73
Q6PJP8	Q86YV0
Q6PJP8	Q8IZD4
Q6PJP8	Q8N0S2
Q6PJP8	Q8N5R6-4
Q6PJP8	Q8N8B7
Q6PJP8	Q8N8B7-2
Q6PJP8	Q8TBB1
Q6PJP8	Q8TD31
Q6PJP8	Q8TEC5
Q6PJP8	Q96BZ8
Q6PJP8	Q96CN5
Q6PJP8	Q96GM5
Q6PJP8	Q96HB5
Q6PJP8	Q96LK0
Q6PJP8	Q96MA6
Q6PJP8	Q9BWD3
Q6PJP8	Q9BYV2
Q6PJP8	Q9H0I2
Q6PJP8	Q9H6F5
Q6PJP8	Q9HD26
Q6PJP8	Q9NPJ8
Q6PJP8	Q9NRI5
Q6PJP8	Q9NYB9
Q6PJP8	Q9NYJ8
Q6PJP8	Q9P2K3
Q6PJP8	Q9P2M7
Q6PJP8	Q9Y250
Q6PJP8	Q9Y2Y4
Q6PJP8	Q9Y586
Q70CQ2	Q86YZ3
Q70CQ2	Q8IX01
Q70CQ2	Q8N129
Q70CQ2	Q8WTT2
Q70CQ2	Q92597
Q70CQ2	Q96A57
Q70CQ2	Q99418
Q70CQ2	Q9BQ39
Q70CQ2	Q9BRR8
Q70CQ2	Q9BZV1-2
Q70CQ2	Q9H501
Q70CQ2	Q9HCE7-2
Q70CQ2	Q9HCU4
Q70CQ2	Q9NYB0
Q70CQ2	Q9Y6M5
P49703	Q70CQ2
B2RXF5	Q70CQ2
O00305	Q70CQ2
O00746	Q70CQ2
O75955	Q70CQ2
P19237	Q70CQ2
P20807	Q70CQ2
P25786	Q70CQ2
P50221	Q70CQ2
P50222	Q70CQ2
P54136	Q70CQ2
Q08426	Q70CQ2
Q16877	Q70CQ2
Q16877-2	Q70CQ2
Q2TBE0	Q70CQ2
Q3B820	Q70CQ2
Q3SY00	Q70CQ2
Q6NX45	Q70CQ2
Q6ZNG0	Q70CQ2
Q6ZV73	Q70CQ2
Q70CQ2	Q86YV0
Q70CQ2	Q8IZD4
Q70CQ2	Q8N0S2
Q70CQ2	Q8N5R6-4
Q70CQ2	Q8N8B7
Q70CQ2	Q8N8B7-2
Q70CQ2	Q8TBB1
Q70CQ2	Q8TD31
Q70CQ2	Q8TEC5
Q70CQ2	Q96BZ8
Q70CQ2	Q96CN5
Q70CQ2	Q96GM5
Q70CQ2	Q96HB5
Q70CQ2	Q96LK0
Q70CQ2	Q96MA6
Q70CQ2	Q9BWD3
Q70CQ2	Q9BYV2
Q70CQ2	Q9H0I2
Q70CQ2	Q9H6F5
Q70CQ2	Q9HD26
Q70CQ2	Q9NPJ8
Q70CQ2	Q9NRI5
Q70CQ2	Q9NYB9
Q70CQ2	Q9NYJ8
Q70CQ2	Q9P2K3
Q70CQ2	Q9P2M7
Q70CQ2	Q9Y250
Q70CQ2	Q9Y2Y4
Q70CQ2	Q9Y586
Q86YZ3	Q8IX01
Q86YZ3	Q8N129
Q86YZ3	Q8WTT2
Q86YZ3	Q92597
Q86YZ3	Q96A57
Q86YZ3	Q99418
Q86YZ3	Q9BQ39
Q86YZ3	Q9BRR8
Q86YZ3	Q9BZV1-2
Q86YZ3	Q9H501
Q86YZ3	Q9HCE7-2
Q86YZ3	Q9HCU4
Q86YZ3	Q9NYB0
Q86YZ3	Q9Y6M5
P49703	Q86YZ3
B2RXF5	Q86YZ3
O00305	Q86YZ3
O00746	Q86YZ3
O75955	Q86YZ3
P19237	Q86YZ3
P20807	Q86YZ3
P25786	Q86YZ3
P50221	Q86YZ3
P50222	Q86YZ3
P54136	Q86YZ3
Q08426	Q86YZ3
Q16877	Q86YZ3
Q16877-2	Q86YZ3
Q2TBE0	Q86YZ3
Q3B820	Q86YZ3
Q3SY00	Q86YZ3
Q6NX45	Q86YZ3
Q6ZNG0	Q86YZ3
Q6ZV73	Q86YZ3
Q86YV0	Q86YZ3
Q86YZ3	Q8IZD4
Q86YZ3	Q8N0S2
Q86YZ3	Q8N5R6-4
Q86YZ3	Q8N8B7
Q86YZ3	Q8N8B7-2
Q86YZ3	Q8TBB1
Q86YZ3	Q8TD31
Q86YZ3	Q8TEC5
Q86YZ3	Q96BZ8
Q86YZ3	Q96CN5
Q86YZ3	Q96GM5
Q86YZ3	Q96HB5
Q86YZ3	Q96LK0
Q86YZ3	Q96MA6
Q86YZ3	Q9BWD3
Q86YZ3	Q9BYV2
Q86YZ3	Q9H0I2
Q86YZ3	Q9H6F5
Q86YZ3	Q9HD26
Q86YZ3	Q9NPJ8
Q86YZ3	Q9NRI5
Q86YZ3	Q9NYB9
Q86YZ3	Q9NYJ8
Q86YZ3	Q9P2K3
Q86YZ3	Q9P2M7
Q86YZ3	Q9Y250
Q86YZ3	Q9Y2Y4
Q86YZ3	Q9Y586
Q8IX01	Q8N129
Q8IX01	Q8WTT2
Q8IX01	Q92597
Q8IX01	Q96A57
Q8IX01	Q99418
Q8IX01	Q9BQ39
Q8IX01	Q9BRR8
Q8IX01	Q9BZV1-2
Q8IX01	Q9H501
Q8IX01	Q9HCE7-2
Q8IX01	Q9HCU4
Q8IX01	Q9NYB0
Q8IX01	Q9Y6M5
P49703	Q8IX01
B2RXF5	Q8IX01
O00305	Q8IX01
O00746	Q8IX01
O75955	Q8IX01
P19237	Q8IX01
P20807	Q8IX01
P25786	Q8IX01
P50221	Q8IX01
P50222	Q8IX01
P54136	Q8IX01
Q08426	Q8IX01
Q16877	Q8IX01
Q16877-2	Q8IX01
Q2TBE0	Q8IX01
Q3B820	Q8IX01
Q3SY00	Q8IX01
Q6NX45	Q8IX01
Q6ZNG0	Q8IX01
Q6ZV73	Q8IX01
Q86YV0	Q8IX01
Q8IX01	Q8IZD4
Q8IX01	Q8N0S2
Q8IX01	Q8N5R6-4
Q8IX01	Q8N8B7
Q8IX01	Q8N8B7-2
Q8IX01	Q8TBB1
Q8IX01	Q8TD31
Q8IX01	Q8TEC5
Q8IX01	Q96BZ8
Q8IX01	Q96CN5
Q8IX01	Q96GM5
Q8IX01	Q96HB5
Q8IX01	Q96LK0
Q8IX01	Q96MA6
Q8IX01	Q9BWD3
Q8IX01	Q9BYV2
Q8IX01	Q9H0I2
Q8IX01	Q9H6F5
Q8IX01	Q9HD26
Q8IX01	Q9NPJ8
Q8IX01	Q9NRI5
Q8IX01	Q9NYB9
Q8IX01	Q9NYJ8
Q8IX01	Q9P2K3
Q8IX01	Q9P2M7
Q8IX01	Q9Y250
Q8IX01	Q9Y2Y4
Q8IX01	Q9Y586
Q8N129	Q8WTT2
Q8N129	Q92597
Q8N129	Q96A57
Q8N129	Q99418
Q8N129	Q9BQ39
Q8N129	Q9BRR8
Q8N129	Q9BZV1-2
Q8N129	Q9H501
Q8N129	Q9HCE7-2
Q8N129	Q9HCU4
Q8N129	Q9NYB0
Q8N129	Q9Y6M5
P49703	Q8N129
B2RXF5	Q8N129
O00305	Q8N129
O00746	Q8N129
O75955	Q8N129
P19237	Q8N129
P20807	Q8N129
P25786	Q8N129
P50221	Q8N129
P50222	Q8N129
P54136	Q8N129
Q08426	Q8N129
Q16877	Q8N129
Q16877-2	Q8N129
Q2TBE0	Q8N129
Q3B820	Q8N129
Q3SY00	Q8N129
Q6NX45	Q8N129
Q6ZNG0	Q8N129
Q6ZV73	Q8N129
Q86YV0	Q8N129
Q8IZD4	Q8N129
Q8N0S2	Q8N129
Q8N129	Q8N5R6-4
Q8N129	Q8N8B7
Q8N129	Q8N8B7-2
Q8N129	Q8TBB1
Q8N129	Q8TD31
Q8N129	Q8TEC5
Q8N129	Q96BZ8
Q8N129	Q96CN5
Q8N129	Q96GM5
Q8N129	Q96HB5
Q8N129	Q96LK0
Q8N129	Q96MA6
Q8N129	Q9BWD3
Q8N129	Q9BYV2
Q8N129	Q9H0I2
Q8N129	Q9H6F5
Q8N129	Q9HD26
Q8N129	Q9NPJ8
Q8N129	Q9NRI5
Q8N129	Q9NYB9
Q8N129	Q9NYJ8
Q8N129	Q9P2K3
Q8N129	Q9P2M7
Q8N129	Q9Y250
Q8N129	Q9Y2Y4
Q8N129	Q9Y586
Q8WTT2	Q92597
Q8WTT2	Q96A57
Q8WTT2	Q99418
Q8WTT2	Q9BQ39
Q8WTT2	Q9BRR8
Q8WTT2	Q9BZV1-2
Q8WTT2	Q9H501
Q8WTT2	Q9HCE7-2
Q8WTT2	Q9HCU4
Q8WTT2	Q9NYB0
Q8WTT2	Q9Y6M5
P49703	Q8WTT2
B2RXF5	Q8WTT2
O00305	Q8WTT2
O00746	Q8WTT2
O75955	Q8WTT2
P19237	Q8WTT2
P20807	Q8WTT2
P25786	Q8WTT2
P50221	Q8WTT2
P50222	Q8WTT2
P54136	Q8WTT2
Q08426	Q8WTT2
Q16877	Q8WTT2
Q16877-2	Q8WTT2
Q2TBE0	Q8WTT2
Q3B820	Q8WTT2
Q3SY00	Q8WTT2
Q6NX45	Q8WTT2
Q6ZNG0	Q8WTT2
Q6ZV73	Q8WTT2
Q86YV0	Q8WTT2
Q8IZD4	Q8WTT2
Q8N0S2	Q8WTT2
Q8N5R6-4	Q8WTT2
Q8N8B7	Q8WTT2
Q8N8B7-2	Q8WTT2
Q8TBB1	Q8WTT2
Q8TD31	Q8WTT2
Q8TEC5	Q8WTT2
Q8WTT2	Q96BZ8
Q8WTT2	Q96CN5
Q8WTT2	Q96GM5
Q8WTT2	Q96HB5
Q8WTT2	Q96LK0
Q8WTT2	Q96MA6
Q8WTT2	Q9BWD3
Q8WTT2	Q9BYV2
Q8WTT2	Q9H0I2
Q8WTT2	Q9H6F5
Q8WTT2	Q9HD26
Q8WTT2	Q9NPJ8
Q8WTT2	Q9NRI5
Q8WTT2	Q9NYB9
Q8WTT2	Q9NYJ8
Q8WTT2	Q9P2K3
Q8WTT2	Q9P2M7
Q8WTT2	Q9Y250
Q8WTT2	Q9Y2Y4
Q8WTT2	Q9Y586
Q92597	Q96A57
Q92597	Q99418
Q92597	Q9BQ39
Q92597	Q9BRR8
Q92597	Q9BZV1-2
Q92597	Q9H501
Q92597	Q9HCE7-2
Q92597	Q9HCU4
Q92597	Q9NYB0
Q92597	Q9Y6M5
P49703	Q92597
B2RXF5	Q92597
O00305	Q92597
O00746	Q92597
O75955	Q92597
P19237	Q92597
P20807	Q92597
P25786	Q92597
P50221	Q92597
P50222	Q92597
P54136	Q92597
Q08426	Q92597
Q16877	Q92597
Q16877-2	Q92597
Q2TBE0	Q92597
Q3B820	Q92597
Q3SY00	Q92597
Q6NX45	Q92597
Q6ZNG0	Q92597
Q6ZV73	Q92597
Q86YV0	Q92597
Q8IZD4	Q92597
Q8N0S2	Q92597
Q8N5R6-4	Q92597
Q8N8B7	Q92597
Q8N8B7-2	Q92597
Q8TBB1	Q92597
Q8TD31	Q92597
Q8TEC5	Q92597
Q92597	Q96BZ8
Q92597	Q96CN5
Q92597	Q96GM5
Q92597	Q96HB5
Q92597	Q96LK0
Q92597	Q96MA6
Q92597	Q9BWD3
Q92597	Q9BYV2
Q92597	Q9H0I2
Q92597	Q9H6F5
Q92597	Q9HD26
Q92597	Q9NPJ8
Q92597	Q9NRI5
Q92597	Q9NYB9
Q92597	Q9NYJ8
Q92597	Q9P2K3
Q92597	Q9P2M7
Q92597	Q9Y250
Q92597	Q9Y2Y4
Q92597	Q9Y586
Q96A57	Q99418
Q96A57	Q9BQ39
Q96A57	Q9BRR8
Q96A57	Q9BZV1-2
Q96A57	Q9H501
Q96A57	Q9HCE7-2
Q96A57	Q9HCU4
Q96A57	Q9NYB0
Q96A57	Q9Y6M5
P49703	Q96A57
B2RXF5	Q96A57
O00305	Q96A57
O00746	Q96A57
O75955	Q96A57
P19237	Q96A57
P20807	Q96A57
P25786	Q96A57
P50221	Q96A57
P50222	Q96A57
P54136	Q96A57
Q08426	Q96A57
Q16877	Q96A57
Q16877-2	Q96A57
Q2TBE0	Q96A57
Q3B820	Q96A57
Q3SY00	Q96A57
Q6NX45	Q96A57
Q6ZNG0	Q96A57
Q6ZV73	Q96A57
Q86YV0	Q96A57
Q8IZD4	Q96A57
Q8N0S2	Q96A57
Q8N5R6-4	Q96A57
Q8N8B7	Q96A57
Q8N8B7-2	Q96A57
Q8TBB1	Q96A57
Q8TD31	Q96A57
Q8TEC5	Q96A57
Q96A57	Q96BZ8
Q96A57	Q96CN5
Q96A57	Q96GM5
Q96A57	Q96HB5
Q96A57	Q96LK0
Q96A57	Q96MA6
Q96A57	Q9BWD3
Q96A57	Q9BYV2
Q96A57	Q9H0I2
Q96A57	Q9H6F5
Q96A57	Q9HD26
Q96A57	Q9NPJ8
Q96A57	Q9NRI5
Q96A57	Q9NYB9
Q96A57	Q9NYJ8
Q96A57	Q9P2K3
Q96A57	Q9P2M7
Q96A57	Q9Y250
Q96A57	Q9Y2Y4
Q96A57	Q9Y586
Q99418	Q9BQ39
Q99418	Q9BRR8
Q99418	Q9BZV1-2
Q99418	Q9H501
Q99418	Q9HCE7-2
Q99418	Q9HCU4
Q99418	Q9NYB0
Q99418	Q9Y6M5
P49703	Q99418
B2RXF5	Q99418
O00305	Q99418
O00746	Q99418
O75955	Q99418
P19237	Q99418
P20807	Q99418
P25786	Q99418
P50221	Q99418
P50222	Q99418
P54136	Q99418
Q08426	Q99418
Q16877	Q99418
Q16877-2	Q99418
Q2TBE0	Q99418
Q3B820	Q99418
Q3SY00	Q99418
Q6NX45	Q99418
Q6ZNG0	Q99418
Q6ZV73	Q99418
Q86YV0	Q99418
Q8IZD4	Q99418
Q8N0S2	Q99418
Q8N5R6-4	Q99418
Q8N8B7	Q99418
Q8N8B7-2	Q99418
Q8TBB1	Q99418
Q8TD31	Q99418
Q8TEC5	Q99418
Q96BZ8	Q99418
Q96CN5	Q99418
Q96GM5	Q99418
Q96HB5	Q99418
Q96LK0	Q99418
Q96MA6	Q99418
Q99418	Q9BWD3
Q99418	Q9BYV2
Q99418	Q9H0I2
Q99418	Q9H6F5
Q99418	Q9HD26
Q99418	Q9NPJ8
Q99418	Q9NRI5
Q99418	Q9NYB9
Q99418	Q9NYJ8
Q99418	Q9P2K3
Q99418	Q9P2M7
Q99418	Q9Y250
Q99418	Q9Y2Y4
Q99418	Q9Y586
Q9BQ39	Q9BRR8
Q9BQ39	Q9BZV1-2
Q9BQ39	Q9H501
Q9BQ39	Q9HCE7-2
Q9BQ39	Q9HCU4
Q9BQ39	Q9NYB0
Q9BQ39	Q9Y6M5
P49703	Q9BQ39
B2RXF5	Q9BQ39
O00305	Q9BQ39
O00746	Q9BQ39
O75955	Q9BQ39
P19237	Q9BQ39
P20807	Q9BQ39
P25786	Q9BQ39
P50221	Q9BQ39
P50222	Q9BQ39
P54136	Q9BQ39
Q08426	Q9BQ39
Q16877	Q9BQ39
Q16877-2	Q9BQ39
Q2TBE0	Q9BQ39
Q3B820	Q9BQ39
Q3SY00	Q9BQ39
Q6NX45	Q9BQ39
Q6ZNG0	Q9BQ39
Q6ZV73	Q9BQ39
Q86YV0	Q9BQ39
Q8IZD4	Q9BQ39
Q8N0S2	Q9BQ39
Q8N5R6-4	Q9BQ39
Q8N8B7	Q9BQ39
Q8N8B7-2	Q9BQ39
Q8TBB1	Q9BQ39
Q8TD31	Q9BQ39
Q8TEC5	Q9BQ39
Q96BZ8	Q9BQ39
Q96CN5	Q9BQ39
Q96GM5	Q9BQ39
Q96HB5	Q9BQ39
Q96LK0	Q9BQ39
Q96MA6	Q9BQ39
Q9BQ39	Q9BWD3
Q9BQ39	Q9BYV2
Q9BQ39	Q9H0I2
Q9BQ39	Q9H6F5
Q9BQ39	Q9HD26
Q9BQ39	Q9NPJ8
Q9BQ39	Q9NRI5
Q9BQ39	Q9NYB9
Q9BQ39	Q9NYJ8
Q9BQ39	Q9P2K3
Q9BQ39	Q9P2M7
Q9BQ39	Q9Y250
Q9BQ39	Q9Y2Y4
Q9BQ39	Q9Y586
Q9BRR8	Q9BZV1-2
Q9BRR8	Q9H501
Q9BRR8	Q9HCE7-2
Q9BRR8	Q9HCU4
Q9BRR8	Q9NYB0
Q9BRR8	Q9Y6M5
P49703	Q9BRR8
B2RXF5	Q9BRR8
O00305	Q9BRR8
O00746	Q9BRR8
O75955	Q9BRR8
P19237	Q9BRR8
P20807	Q9BRR8
P25786	Q9BRR8
P50221	Q9BRR8
P50222	Q9BRR8
P54136	Q9BRR8
Q08426	Q9BRR8
Q16877	Q9BRR8
Q16877-2	Q9BRR8
Q2TBE0	Q9BRR8
Q3B820	Q9BRR8
Q3SY00	Q9BRR8
Q6NX45	Q9BRR8
Q6ZNG0	Q9BRR8
Q6ZV73	Q9BRR8
Q86YV0	Q9BRR8
Q8IZD4	Q9BRR8
Q8N0S2	Q9BRR8
Q8N5R6-4	Q9BRR8
Q8N8B7	Q9BRR8
Q8N8B7-2	Q9BRR8
Q8TBB1	Q9BRR8
Q8TD31	Q9BRR8
Q8TEC5	Q9BRR8
Q96BZ8	Q9BRR8
Q96CN5	Q9BRR8
Q96GM5	Q9BRR8
Q96HB5	Q9BRR8
Q96LK0	Q9BRR8
Q96MA6	Q9BRR8
Q9BRR8	Q9BWD3
Q9BRR8	Q9BYV2
Q9BRR8	Q9H0I2
Q9BRR8	Q9H6F5
Q9BRR8	Q9HD26
Q9BRR8	Q9NPJ8
Q9BRR8	Q9NRI5
Q9BRR8	Q9NYB9
Q9BRR8	Q9NYJ8
Q9BRR8	Q9P2K3
Q9BRR8	Q9P2M7
Q9BRR8	Q9Y250
Q9BRR8	Q9Y2Y4
Q9BRR8	Q9Y586
Q9BZV1-2	Q9H501
Q9BZV1-2	Q9HCE7-2
Q9BZV1-2	Q9HCU4
Q9BZV1-2	Q9NYB0
Q9BZV1-2	Q9Y6M5
P49703	Q9BZV1-2
B2RXF5	Q9BZV1-2
O00305	Q9BZV1-2
O00746	Q9BZV1-2
O75955	Q9BZV1-2
P19237	Q9BZV1-2
P20807	Q9BZV1-2
P25786	Q9BZV1-2
P50221	Q9BZV1-2
P50222	Q9BZV1-2
P54136	Q9BZV1-2
Q08426	Q9BZV1-2
Q16877	Q9BZV1-2
Q16877-2	Q9BZV1-2
Q2TBE0	Q9BZV1-2
Q3B820	Q9BZV1-2
Q3SY00	Q9BZV1-2
Q6NX45	Q9BZV1-2
Q6ZNG0	Q9BZV1-2
Q6ZV73	Q9BZV1-2
Q86YV0	Q9BZV1-2
Q8IZD4	Q9BZV1-2
Q8N0S2	Q9BZV1-2
Q8N5R6-4	Q9BZV1-2
Q8N8B7	Q9BZV1-2
Q8N8B7-2	Q9BZV1-2
Q8TBB1	Q9BZV1-2
Q8TD31	Q9BZV1-2
Q8TEC5	Q9BZV1-2
Q96BZ8	Q9BZV1-2
Q96CN5	Q9BZV1-2
Q96GM5	Q9BZV1-2
Q96HB5	Q9BZV1-2
Q96LK0	Q9BZV1-2
Q96MA6	Q9BZV1-2
Q9BWD3	Q9BZV1-2
Q9BYV2	Q9BZV1-2
Q9BZV1-2	Q9H0I2
Q9BZV1-2	Q9H6F5
Q9BZV1-2	Q9HD26
Q9BZV1-2	Q9NPJ8
Q9BZV1-2	Q9NRI5
Q9BZV1-2	Q9NYB9
Q9BZV1-2	Q9NYJ8
Q9BZV1-2	Q9P2K3
Q9BZV1-2	Q9P2M7
Q9BZV1-2	Q9Y250
Q9BZV1-2	Q9Y2Y4
Q9BZV1-2	Q9Y586
Q9H501	Q9HCE7-2
Q9H501	Q9HCU4
Q9H501	Q9NYB0
Q9H501	Q9Y6M5
P49703	Q9H501
B2RXF5	Q9H501
O00305	Q9H501
O00746	Q9H501
O75955	Q9H501
P19237	Q9H501
P20807	Q9H501
P25786	Q9H501
P50221	Q9H501
P50222	Q9H501
P54136	Q9H501
Q08426	Q9H501
Q16877	Q9H501
Q16877-2	Q9H501
Q2TBE0	Q9H501
Q3B820	Q9H501
Q3SY00	Q9H501
Q6NX45	Q9H501
Q6ZNG0	Q9H501
Q6ZV73	Q9H501
Q86YV0	Q9H501
Q8IZD4	Q9H501
Q8N0S2	Q9H501
Q8N5R6-4	Q9H501
Q8N8B7	Q9H501
Q8N8B7-2	Q9H501
Q8TBB1	Q9H501
Q8TD31	Q9H501
Q8TEC5	Q9H501
Q96BZ8	Q9H501
Q96CN5	Q9H501
Q96GM5	Q9H501
Q96HB5	Q9H501
Q96LK0	Q9H501
Q96MA6	Q9H501
Q9BWD3	Q9H501
Q9BYV2	Q9H501
Q9H0I2	Q9H501
Q9H501	Q9H6F5
Q9H501	Q9HD26
Q9H501	Q9NPJ8
Q9H501	Q9NRI5
Q9H501	Q9NYB9
Q9H501	Q9NYJ8
Q9H501	Q9P2K3
Q9H501	Q9P2M7
Q9H501	Q9Y250
Q9H501	Q9Y2Y4
Q9H501	Q9Y586
Q9HCE7-2	Q9HCU4
Q9HCE7-2	Q9NYB0
Q9HCE7-2	Q9Y6M5
P49703	Q9HCE7-2
B2RXF5	Q9HCE7-2
O00305	Q9HCE7-2
O00746	Q9HCE7-2
O75955	Q9HCE7-2
P19237	Q9HCE7-2
P20807	Q9HCE7-2
P25786	Q9HCE7-2
P50221	Q9HCE7-2
P50222	Q9HCE7-2
P54136	Q9HCE7-2
Q08426	Q9HCE7-2
Q16877	Q9HCE7-2
Q16877-2	Q9HCE7-2
Q2TBE0	Q9HCE7-2
Q3B820	Q9HCE7-2
Q3SY00	Q9HCE7-2
Q6NX45	Q9HCE7-2
Q6ZNG0	Q9HCE7-2
Q6ZV73	Q9HCE7-2
Q86YV0	Q9HCE7-2
Q8IZD4	Q9HCE7-2
Q8N0S2	Q9HCE7-2
Q8N5R6-4	Q9HCE7-2
Q8N8B7	Q9HCE7-2
Q8N8B7-2	Q9HCE7-2
Q8TBB1	Q9HCE7-2
Q8TD31	Q9HCE7-2
Q8TEC5	Q9HCE7-2
Q96BZ8	Q9HCE7-2
Q96CN5	Q9HCE7-2
Q96GM5	Q9HCE7-2
Q96HB5	Q9HCE7-2
Q96LK0	Q9HCE7-2
Q96MA6	Q9HCE7-2
Q9BWD3	Q9HCE7-2
Q9BYV2	Q9HCE7-2
Q9H0I2	Q9HCE7-2
Q9H6F5	Q9HCE7-2
Q9HCE7-2	Q9HD26
Q9HCE7-2	Q9NPJ8
Q9HCE7-2	Q9NRI5
Q9HCE7-2	Q9NYB9
Q9HCE7-2	Q9NYJ8
Q9HCE7-2	Q9P2K3
Q9HCE7-2	Q9P2M7
Q9HCE7-2	Q9Y250
Q9HCE7-2	Q9Y2Y4
Q9HCE7-2	Q9Y586
Q9HCU4	Q9NYB0
Q9HCU4	Q9Y6M5
P49703	Q9HCU4
B2RXF5	Q9HCU4
O00305	Q9HCU4
O00746	Q9HCU4
O75955	Q9HCU4
P19237	Q9HCU4
P20807	Q9HCU4
P25786	Q9HCU4
P50221	Q9HCU4
P50222	Q9HCU4
P54136	Q9HCU4
Q08426	Q9HCU4
Q16877	Q9HCU4
Q16877-2	Q9HCU4
Q2TBE0	Q9HCU4
Q3B820	Q9HCU4
Q3SY00	Q9HCU4
Q6NX45	Q9HCU4
Q6ZNG0	Q9HCU4
Q6ZV73	Q9HCU4
Q86YV0	Q9HCU4
Q8IZD4	Q9HCU4
Q8N0S2	Q9HCU4
Q8N5R6-4	Q9HCU4
Q8N8B7	Q9HCU4
Q8N8B7-2	Q9HCU4
Q8TBB1	Q9HCU4
Q8TD31	Q9HCU4
Q8TEC5	Q9HCU4
Q96BZ8	Q9HCU4
Q96CN5	Q9HCU4
Q96GM5	Q9HCU4
Q96HB5	Q9HCU4
Q96LK0	Q9HCU4
Q96MA6	Q9HCU4
Q9BWD3	Q9HCU4
Q9BYV2	Q9HCU4
Q9H0I2	Q9HCU4
Q9H6F5	Q9HCU4
Q9HCU4	Q9HD26
Q9HCU4	Q9NPJ8
Q9HCU4	Q9NRI5
Q9HCU4	Q9NYB9
Q9HCU4	Q9NYJ8
Q9HCU4	Q9P2K3
Q9HCU4	Q9P2M7
Q9HCU4	Q9Y250
Q9HCU4	Q9Y2Y4
Q9HCU4	Q9Y586
Q9NYB0	Q9Y6M5
P49703	Q9NYB0
B2RXF5	Q9NYB0
O00305	Q9NYB0
O00746	Q9NYB0
O75955	Q9NYB0
P19237	Q9NYB0
P20807	Q9NYB0
P25786	Q9NYB0
P50221	Q9NYB0
P50222	Q9NYB0
P54136	Q9NYB0
Q08426	Q9NYB0
Q16877	Q9NYB0
Q16877-2	Q9NYB0
Q2TBE0	Q9NYB0
Q3B820	Q9NYB0
Q3SY00	Q9NYB0
Q6NX45	Q9NYB0
Q6ZNG0	Q9NYB0
Q6ZV73	Q9NYB0
Q86YV0	Q9NYB0
Q8IZD4	Q9NYB0
Q8N0S2	Q9NYB0
Q8N5R6-4	Q9NYB0
Q8N8B7	Q9NYB0
Q8N8B7-2	Q9NYB0
Q8TBB1	Q9NYB0
Q8TD31	Q9NYB0
Q8TEC5	Q9NYB0
Q96BZ8	Q9NYB0
Q96CN5	Q9NYB0
Q96GM5	Q9NYB0
Q96HB5	Q9NYB0
Q96LK0	Q9NYB0
Q96MA6	Q9NYB0
Q9BWD3	Q9NYB0
Q9BYV2	Q9NYB0
Q9H0I2	Q9NYB0
Q9H6F5	Q9NYB0
Q9HD26	Q9NYB0
Q9NPJ8	Q9NYB0
Q9NRI5	Q9NYB0
Q9NYB0	Q9NYB9
Q9NYB0	Q9NYJ8
Q9NYB0	Q9P2K3
Q9NYB0	Q9P2M7
Q9NYB0	Q9Y250
Q9NYB0	Q9Y2Y4
Q9NYB0	Q9Y586
P49703	Q9Y6M5
B2RXF5	Q9Y6M5
O00305	Q9Y6M5
O00746	Q9Y6M5
O75955	Q9Y6M5
P19237	Q9Y6M5
P20807	Q9Y6M5
P25786	Q9Y6M5
P50221	Q9Y6M5
P50222	Q9Y6M5
P54136	Q9Y6M5
Q08426	Q9Y6M5
Q16877	Q9Y6M5
Q16877-2	Q9Y6M5
Q2TBE0	Q9Y6M5
Q3B820	Q9Y6M5
Q3SY00	Q9Y6M5
Q6NX45	Q9Y6M5
Q6ZNG0	Q9Y6M5
Q6ZV73	Q9Y6M5
Q86YV0	Q9Y6M5
Q8IZD4	Q9Y6M5
Q8N0S2	Q9Y6M5
Q8N5R6-4	Q9Y6M5
Q8N8B7	Q9Y6M5
Q8N8B7-2	Q9Y6M5
Q8TBB1	Q9Y6M5
Q8TD31	Q9Y6M5
Q8TEC5	Q9Y6M5
Q96BZ8	Q9Y6M5
Q96CN5	Q9Y6M5
Q96GM5	Q9Y6M5
Q96HB5	Q9Y6M5
Q96LK0	Q9Y6M5
Q96MA6	Q9Y6M5
Q9BWD3	Q9Y6M5
Q9BYV2	Q9Y6M5
Q9H0I2	Q9Y6M5
Q9H6F5	Q9Y6M5
Q9HD26	Q9Y6M5
Q9NPJ8	Q9Y6M5
Q9NRI5	Q9Y6M5
Q9NYB9	Q9Y6M5
Q9NYJ8	Q9Y6M5
Q9P2K3	Q9Y6M5
Q9P2M7	Q9Y6M5
Q9Y250	Q9Y6M5
Q9Y2Y4	Q9Y6M5
Q9Y586	Q9Y6M5
B2RXF5	P49703
O00305	P49703
O00746	P49703
O75955	P49703
P19237	P49703
P20807	P49703
P25786	P49703
P49703	P50221
P49703	P50222
P49703	P54136
P49703	Q08426
P49703	Q16877
P49703	Q16877-2
P49703	Q2TBE0
P49703	Q3B820
P49703	Q3SY00
P49703	Q6NX45
P49703	Q6ZNG0
P49703	Q6ZV73
P49703	Q86YV0
P49703	Q8IZD4
P49703	Q8N0S2
P49703	Q8N5R6-4
P49703	Q8N8B7
P49703	Q8N8B7-2
P49703	Q8TBB1
P49703	Q8TD31
P49703	Q8TEC5
P49703	Q96BZ8
P49703	Q96CN5
P49703	Q96GM5
P49703	Q96HB5
P49703	Q96LK0
P49703	Q96MA6
P49703	Q9BWD3
P49703	Q9BYV2
P49703	Q9H0I2
P49703	Q9H6F5
P49703	Q9HD26
P49703	Q9NPJ8
P49703	Q9NRI5
P49703	Q9NYB9
P49703	Q9NYJ8
P49703	Q9P2K3
P49703	Q9P2M7
P49703	Q9Y250
P49703	Q9Y2Y4
P49703	Q9Y586
B2RXF5	O00305
B2RXF5	O00746
B2RXF5	O75955
B2RXF5	P19237
B2RXF5	P20807
B2RXF5	P25786
B2RXF5	P50221
B2RXF5	P50222
B2RXF5	P54136
B2RXF5	Q08426
B2RXF5	Q16877
B2RXF5	Q16877-2
B2RXF5	Q2TBE0
B2RXF5	Q3B820
B2RXF5	Q3SY00
B2RXF5	Q6NX45
B2RXF5	Q6ZNG0
B2RXF5	Q6ZV73
B2RXF5	Q86YV0
B2RXF5	Q8IZD4
B2RXF5	Q8N0S2
B2RXF5	Q8N5R6-4
B2RXF5	Q8N8B7
B2RXF5	Q8N8B7-2
B2RXF5	Q8TBB1
B2RXF5	Q8TD31
B2RXF5	Q8TEC5
B2RXF5	Q96BZ8
B2RXF5	Q96CN5
B2RXF5	Q96GM5
B2RXF5	Q96HB5
B2RXF5	Q96LK0
B2RXF5	Q96MA6
B2RXF5	Q9BWD3
B2RXF5	Q9BYV2
B2RXF5	Q9H0I2
B2RXF5	Q9H6F5
B2RXF5	Q9HD26
B2RXF5	Q9NPJ8
B2RXF5	Q9NRI5
B2RXF5	Q9NYB9
B2RXF5	Q9NYJ8
B2RXF5	Q9P2K3
B2RXF5	Q9P2M7
B2RXF5	Q9Y250
B2RXF5	Q9Y2Y4
B2RXF5	Q9Y586
O00305	O00746
O00305	O75955
O00305	P19237
O00305	P20807
O00305	P25786
O00305	P50221
O00305	P50222
O00305	P54136
O00305	Q08426
O00305	Q16877
O00305	Q16877-2
O00305	Q2TBE0
O00305	Q3B820
O00305	Q3SY00
O00305	Q6NX45
O00305	Q6ZNG0
O00305	Q6ZV73
O00305	Q86YV0
O00305	Q8IZD4
O00305	Q8N0S2
O00305	Q8N5R6-4
O00305	Q8N8B7
O00305	Q8N8B7-2
O00305	Q8TBB1
O00305	Q8TD31
O00305	Q8TEC5
O00305	Q96BZ8
O00305	Q96CN5
O00305	Q96GM5
O00305	Q96HB5
O00305	Q96LK0
O00305	Q96MA6
O00305	Q9BWD3
O00305	Q9BYV2
O00305	Q9H0I2
O00305	Q9H6F5
O00305	Q9HD26
O00305	Q9NPJ8
O00305	Q9NRI5
O00305	Q9NYB9
O00305	Q9NYJ8
O00305	Q9P2K3
O00305	Q9P2M7
O00305	Q9Y250
O00305	Q9Y2Y4
O00305	Q9Y586
O00746	O75955
O00746	P19237
O00746	P20807
O00746	P25786
O00746	P50221
O00746	P50222
O00746	P54136
O00746	Q08426
O00746	Q16877
O00746	Q16877-2
O00746	Q2TBE0
O00746	Q3B820
O00746	Q3SY00
O00746	Q6NX45
O00746	Q6ZNG0
O00746	Q6ZV73
O00746	Q86YV0
O00746	Q8IZD4
O00746	Q8N0S2
O00746	Q8N5R6-4
O00746	Q8N8B7
O00746	Q8N8B7-2
O00746	Q8TBB1
O00746	Q8TD31
O00746	Q8TEC5
O00746	Q96BZ8
O00746	Q96CN5
O00746	Q96GM5
O00746	Q96HB5
O00746	Q96LK0
O00746	Q96MA6
O00746	Q9BWD3
O00746	Q9BYV2
O00746	Q9H0I2
O00746	Q9H6F5
O00746	Q9HD26
O00746	Q9NPJ8
O00746	Q9NRI5
O00746	Q9NYB9
O00746	Q9NYJ8
O00746	Q9P2K3
O00746	Q9P2M7
O00746	Q9Y250
O00746	Q9Y2Y4
O00746	Q9Y586
O75955	P19237
O75955	P20807
O75955	P25786
O75955	P50221
O75955	P50222
O75955	P54136
O75955	Q08426
O75955	Q16877
O75955	Q16877-2
O75955	Q2TBE0
O75955	Q3B820
O75955	Q3SY00
O75955	Q6NX45
O75955	Q6ZNG0
O75955	Q6ZV73
O75955	Q86YV0
O75955	Q8IZD4
O75955	Q8N0S2
O75955	Q8N5R6-4
O75955	Q8N8B7
O75955	Q8N8B7-2
O75955	Q8TBB1
O75955	Q8TD31
O75955	Q8TEC5
O75955	Q96BZ8
O75955	Q96CN5
O75955	Q96GM5
O75955	Q96HB5
O75955	Q96LK0
O75955	Q96MA6
O75955	Q9BWD3
O75955	Q9BYV2
O75955	Q9H0I2
O75955	Q9H6F5
O75955	Q9HD26
O75955	Q9NPJ8
O75955	Q9NRI5
O75955	Q9NYB9
O75955	Q9NYJ8
O75955	Q9P2K3
O75955	Q9P2M7
O75955	Q9Y250
O75955	Q9Y2Y4
O75955	Q9Y586
P19237	P20807
P19237	P25786
P19237	P50221
P19237	P50222
P19237	P54136
P19237	Q08426
P19237	Q16877
P19237	Q16877-2
P19237	Q2TBE0
P19237	Q3B820
P19237	Q3SY00
P19237	Q6NX45
P19237	Q6ZNG0
P19237	Q6ZV73
P19237	Q86YV0
P19237	Q8IZD4
P19237	Q8N0S2
P19237	Q8N5R6-4
P19237	Q8N8B7
P19237	Q8N8B7-2
P19237	Q8TBB1
P19237	Q8TD31
P19237	Q8TEC5
P19237	Q96BZ8
P19237	Q96CN5
P19237	Q96GM5
P19237	Q96HB5
P19237	Q96LK0
P19237	Q96MA6
P19237	Q9BWD3
P19237	Q9BYV2
P19237	Q9H0I2
P19237	Q9H6F5
P19237	Q9HD26
P19237	Q9NPJ8
P19237	Q9NRI5
P19237	Q9NYB9
P19237	Q9NYJ8
P19237	Q9P2K3
P19237	Q9P2M7
P19237	Q9Y250
P19237	Q9Y2Y4
P19237	Q9Y586
P20807	P25786
P20807	P50221
P20807	P50222
P20807	P54136
P20807	Q08426
P20807	Q16877
P20807	Q16877-2
P20807	Q2TBE0
P20807	Q3B820
P20807	Q3SY00
P20807	Q6NX45
P20807	Q6ZNG0
P20807	Q6ZV73
P20807	Q86YV0
P20807	Q8IZD4
P20807	Q8N0S2
P20807	Q8N5R6-4
P20807	Q8N8B7
P20807	Q8N8B7-2
P20807	Q8TBB1
P20807	Q8TD31
P20807	Q8TEC5
P20807	Q96BZ8
P20807	Q96CN5
P20807	Q96GM5
P20807	Q96HB5
P20807	Q96LK0
P20807	Q96MA6
P20807	Q9BWD3
P20807	Q9BYV2
P20807	Q9H0I2
P20807	Q9H6F5
P20807	Q9HD26
P20807	Q9NPJ8
P20807	Q9NRI5
P20807	Q9NYB9
P20807	Q9NYJ8
P20807	Q9P2K3
P20807	Q9P2M7
P20807	Q9Y250
P20807	Q9Y2Y4
P20807	Q9Y586
P25786	P50221
P25786	P50222
P25786	P54136
P25786	Q08426
P25786	Q16877
P25786	Q16877-2
P25786	Q2TBE0
P25786	Q3B820
P25786	Q3SY00
P25786	Q6NX45
P25786	Q6ZNG0
P25786	Q6ZV73
P25786	Q86YV0
P25786	Q8IZD4
P25786	Q8N0S2
P25786	Q8N5R6-4
P25786	Q8N8B7
P25786	Q8N8B7-2
P25786	Q8TBB1
P25786	Q8TD31
P25786	Q8TEC5
P25786	Q96BZ8
P25786	Q96CN5
P25786	Q96GM5
P25786	Q96HB5
P25786	Q96LK0
P25786	Q96MA6
P25786	Q9BWD3
P25786	Q9BYV2
P25786	Q9H0I2
P25786	Q9H6F5
P25786	Q9HD26
P25786	Q9NPJ8
P25786	Q9NRI5
P25786	Q9NYB9
P25786	Q9NYJ8
P25786	Q9P2K3
P25786	Q9P2M7
P25786	Q9Y250
P25786	Q9Y2Y4
P25786	Q9Y586
P50221	P50222
P50221	P54136
P50221	Q08426
P50221	Q16877
P50221	Q16877-2
P50221	Q2TBE0
P50221	Q3B820
P50221	Q3SY00
P50221	Q6NX45
P50221	Q6ZNG0
P50221	Q6ZV73
P50221	Q86YV0
P50221	Q8IZD4
P50221	Q8N0S2
P50221	Q8N5R6-4
P50221	Q8N8B7
P50221	Q8N8B7-2
P50221	Q8TBB1
P50221	Q8TD31
P50221	Q8TEC5
P50221	Q96BZ8
P50221	Q96CN5
P50221	Q96GM5
P50221	Q96HB5
P50221	Q96LK0
P50221	Q96MA6
P50221	Q9BWD3
P50221	Q9BYV2
P50221	Q9H0I2
P50221	Q9H6F5
P50221	Q9HD26
P50221	Q9NPJ8
P50221	Q9NRI5
P50221	Q9NYB9
P50221	Q9NYJ8
P50221	Q9P2K3
P50221	Q9P2M7
P50221	Q9Y250
P50221	Q9Y2Y4
P50221	Q9Y586
P50222	P54136
P50222	Q08426
P50222	Q16877
P50222	Q16877-2
P50222	Q2TBE0
P50222	Q3B820
P50222	Q3SY00
P50222	Q6NX45
P50222	Q6ZNG0
P50222	Q6ZV73
P50222	Q86YV0
P50222	Q8IZD4
P50222	Q8N0S2
P50222	Q8N5R6-4
P50222	Q8N8B7
P50222	Q8N8B7-2
P50222	Q8TBB1
P50222	Q8TD31
P50222	Q8TEC5
P50222	Q96BZ8
P50222	Q96CN5
P50222	Q96GM5
P50222	Q96HB5
P50222	Q96LK0
P50222	Q96MA6
P50222	Q9BWD3
P50222	Q9BYV2
P50222	Q9H0I2
P50222	Q9H6F5
P50222	Q9HD26
P50222	Q9NPJ8
P50222	Q9NRI5
P50222	Q9NYB9
P50222	Q9NYJ8
P50222	Q9P2K3
P50222	Q9P2M7
P50222	Q9Y250
P50222	Q9Y2Y4
P50222	Q9Y586
P54136	Q08426
P54136	Q16877
P54136	Q16877-2
P54136	Q2TBE0
P54136	Q3B820
P54136	Q3SY00
P54136	Q6NX45
P54136	Q6ZNG0
P54136	Q6ZV73
P54136	Q86YV0
P54136	Q8IZD4
P54136	Q8N0S2
P54136	Q8N5R6-4
P54136	Q8N8B7
P54136	Q8N8B7-2
P54136	Q8TBB1
P54136	Q8TD31
P54136	Q8TEC5
P54136	Q96BZ8
P54136	Q96CN5
P54136	Q96GM5
P54136	Q96HB5
P54136	Q96LK0
P54136	Q96MA6
P54136	Q9BWD3
P54136	Q9BYV2
P54136	Q9H0I2
P54136	Q9H6F5
P54136	Q9HD26
P54136	Q9NPJ8
P54136	Q9NRI5
P54136	Q9NYB9
P54136	Q9NYJ8
P54136	Q9P2K3
P54136	Q9P2M7
P54136	Q9Y250
P54136	Q9Y2Y4
P54136	Q9Y586
Q08426	Q16877
Q08426	Q16877-2
Q08426	Q2TBE0
Q08426	Q3B820
Q08426	Q3SY00
Q08426	Q6NX45
Q08426	Q6ZNG0
Q08426	Q6ZV73
Q08426	Q86YV0
Q08426	Q8IZD4
Q08426	Q8N0S2
Q08426	Q8N5R6-4
Q08426	Q8N8B7
Q08426	Q8N8B7-2
Q08426	Q8TBB1
Q08426	Q8TD31
Q08426	Q8TEC5
Q08426	Q96BZ8
Q08426	Q96CN5
Q08426	Q96GM5
Q08426	Q96HB5
Q08426	Q96LK0
Q08426	Q96MA6
Q08426	Q9BWD3
Q08426	Q9BYV2
Q08426	Q9H0I2
Q08426	Q9H6F5
Q08426	Q9HD26
Q08426	Q9NPJ8
Q08426	Q9NRI5
Q08426	Q9NYB9
Q08426	Q9NYJ8
Q08426	Q9P2K3
Q08426	Q9P2M7
Q08426	Q9Y250
Q08426	Q9Y2Y4
Q08426	Q9Y586
Q16877	Q16877-2
Q16877	Q2TBE0
Q16877	Q3B820
Q16877	Q3SY00
Q16877	Q6NX45
Q16877	Q6ZNG0
Q16877	Q6ZV73
Q16877	Q86YV0
Q16877	Q8IZD4
Q16877	Q8N0S2
Q16877	Q8N5R6-4
Q16877	Q8N8B7
Q16877	Q8N8B7-2
Q16877	Q8TBB1
Q16877	Q8TD31
Q16877	Q8TEC5
Q16877	Q96BZ8
Q16877	Q96CN5
Q16877	Q96GM5
Q16877	Q96HB5
Q16877	Q96LK0
Q16877	Q96MA6
Q16877	Q9BWD3
Q16877	Q9BYV2
Q16877	Q9H0I2
Q16877	Q9H6F5
Q16877	Q9HD26
Q16877	Q9NPJ8
Q16877	Q9NRI5
Q16877	Q9NYB9
Q16877	Q9NYJ8
Q16877	Q9P2K3
Q16877	Q9P2M7
Q16877	Q9Y250
Q16877	Q9Y2Y4
Q16877	Q9Y586
Q16877-2	Q2TBE0
Q16877-2	Q3B820
Q16877-2	Q3SY00
Q16877-2	Q6NX45
Q16877-2	Q6ZNG0
Q16877-2	Q6ZV73
Q16877-2	Q86YV0
Q16877-2	Q8IZD4
Q16877-2	Q8N0S2
Q16877-2	Q8N5R6-4
Q16877-2	Q8N8B7
Q16877-2	Q8N8B7-2
Q16877-2	Q8TBB1
Q16877-2	Q8TD31
Q16877-2	Q8TEC5
Q16877-2	Q96BZ8
Q16877-2	Q96CN5
Q16877-2	Q96GM5
Q16877-2	Q96HB5
Q16877-2	Q96LK0
Q16877-2	Q96MA6
Q16877-2	Q9BWD3
Q16877-2	Q9BYV2
Q16877-2	Q9H0I2
Q16877-2	Q9H6F5
Q16877-2	Q9HD26
Q16877-2	Q9NPJ8
Q16877-2	Q9NRI5
Q16877-2	Q9NYB9
Q16877-2	Q9NYJ8
Q16877-2	Q9P2K3
Q16877-2	Q9P2M7
Q16877-2	Q9Y250
Q16877-2	Q9Y2Y4
Q16877-2	Q9Y586
Q2TBE0	Q3B820
Q2TBE0	Q3SY00
Q2TBE0	Q6NX45
Q2TBE0	Q6ZNG0
Q2TBE0	Q6ZV73
Q2TBE0	Q86YV0
Q2TBE0	Q8IZD4
Q2TBE0	Q8N0S2
Q2TBE0	Q8N5R6-4
Q2TBE0	Q8N8B7
Q2TBE0	Q8N8B7-2
Q2TBE0	Q8TBB1
Q2TBE0	Q8TD31
Q2TBE0	Q8TEC5
Q2TBE0	Q96BZ8
Q2TBE0	Q96CN5
Q2TBE0	Q96GM5
Q2TBE0	Q96HB5
Q2TBE0	Q96LK0
Q2TBE0	Q96MA6
Q2TBE0	Q9BWD3
Q2TBE0	Q9BYV2
Q2TBE0	Q9H0I2
Q2TBE0	Q9H6F5
Q2TBE0	Q9HD26
Q2TBE0	Q9NPJ8
Q2TBE0	Q9NRI5
Q2TBE0	Q9NYB9
Q2TBE0	Q9NYJ8
Q2TBE0	Q9P2K3
Q2TBE0	Q9P2M7
Q2TBE0	Q9Y250
Q2TBE0	Q9Y2Y4
Q2TBE0	Q9Y586
Q3B820	Q3SY00
Q3B820	Q6NX45
Q3B820	Q6ZNG0
Q3B820	Q6ZV73
Q3B820	Q86YV0
Q3B820	Q8IZD4
Q3B820	Q8N0S2
Q3B820	Q8N5R6-4
Q3B820	Q8N8B7
Q3B820	Q8N8B7-2
Q3B820	Q8TBB1
Q3B820	Q8TD31
Q3B820	Q8TEC5
Q3B820	Q96BZ8
Q3B820	Q96CN5
Q3B820	Q96GM5
Q3B820	Q96HB5
Q3B820	Q96LK0
Q3B820	Q96MA6
Q3B820	Q9BWD3
Q3B820	Q9BYV2
Q3B820	Q9H0I2
Q3B820	Q9H6F5
Q3B820	Q9HD26
Q3B820	Q9NPJ8
Q3B820	Q9NRI5
Q3B820	Q9NYB9
Q3B820	Q9NYJ8
Q3B820	Q9P2K3
Q3B820	Q9P2M7
Q3B820	Q9Y250
Q3B820	Q9Y2Y4
Q3B820	Q9Y586
Q3SY00	Q6NX45
Q3SY00	Q6ZNG0
Q3SY00	Q6ZV73
Q3SY00	Q86YV0
Q3SY00	Q8IZD4
Q3SY00	Q8N0S2
Q3SY00	Q8N5R6-4
Q3SY00	Q8N8B7
Q3SY00	Q8N8B7-2
Q3SY00	Q8TBB1
Q3SY00	Q8TD31
Q3SY00	Q8TEC5
Q3SY00	Q96BZ8
Q3SY00	Q96CN5
Q3SY00	Q96GM5
Q3SY00	Q96HB5
Q3SY00	Q96LK0
Q3SY00	Q96MA6
Q3SY00	Q9BWD3
Q3SY00	Q9BYV2
Q3SY00	Q9H0I2
Q3SY00	Q9H6F5
Q3SY00	Q9HD26
Q3SY00	Q9NPJ8
Q3SY00	Q9NRI5
Q3SY00	Q9NYB9
Q3SY00	Q9NYJ8
Q3SY00	Q9P2K3
Q3SY00	Q9P2M7
Q3SY00	Q9Y250
Q3SY00	Q9Y2Y4
Q3SY00	Q9Y586
Q6NX45	Q6ZNG0
Q6NX45	Q6ZV73
Q6NX45	Q86YV0
Q6NX45	Q8IZD4
Q6NX45	Q8N0S2
Q6NX45	Q8N5R6-4
Q6NX45	Q8N8B7
Q6NX45	Q8N8B7-2
Q6NX45	Q8TBB1
Q6NX45	Q8TD31
Q6NX45	Q8TEC5
Q6NX45	Q96BZ8
Q6NX45	Q96CN5
Q6NX45	Q96GM5
Q6NX45	Q96HB5
Q6NX45	Q96LK0
Q6NX45	Q96MA6
Q6NX45	Q9BWD3
Q6NX45	Q9BYV2
Q6NX45	Q9H0I2
Q6NX45	Q9H6F5
Q6NX45	Q9HD26
Q6NX45	Q9NPJ8
Q6NX45	Q9NRI5
Q6NX45	Q9NYB9
Q6NX45	Q9NYJ8
Q6NX45	Q9P2K3
Q6NX45	Q9P2M7
Q6NX45	Q9Y250
Q6NX45	Q9Y2Y4
Q6NX45	Q9Y586
Q6ZNG0	Q6ZV73
Q6ZNG0	Q86YV0
Q6ZNG0	Q8IZD4
Q6ZNG0	Q8N0S2
Q6ZNG0	Q8N5R6-4
Q6ZNG0	Q8N8B7
Q6ZNG0	Q8N8B7-2
Q6ZNG0	Q8TBB1
Q6ZNG0	Q8TD31
Q6ZNG0	Q8TEC5
Q6ZNG0	Q96BZ8
Q6ZNG0	Q96CN5
Q6ZNG0	Q96GM5
Q6ZNG0	Q96HB5
Q6ZNG0	Q96LK0
Q6ZNG0	Q96MA6
Q6ZNG0	Q9BWD3
Q6ZNG0	Q9BYV2
Q6ZNG0	Q9H0I2
Q6ZNG0	Q9H6F5
Q6ZNG0	Q9HD26
Q6ZNG0	Q9NPJ8
Q6ZNG0	Q9NRI5
Q6ZNG0	Q9NYB9
Q6ZNG0	Q9NYJ8
Q6ZNG0	Q9P2K3
Q6ZNG0	Q9P2M7
Q6ZNG0	Q9Y250
Q6ZNG0	Q9Y2Y4
Q6ZNG0	Q9Y586
Q6ZV73	Q86YV0
Q6ZV73	Q8IZD4
Q6ZV73	Q8N0S2
Q6ZV73	Q8N5R6-4
Q6ZV73	Q8N8B7
Q6ZV73	Q8N8B7-2
Q6ZV73	Q8TBB1
Q6ZV73	Q8TD31
Q6ZV73	Q8TEC5
Q6ZV73	Q96BZ8
Q6ZV73	Q96CN5
Q6ZV73	Q96GM5
Q6ZV73	Q96HB5
Q6ZV73	Q96LK0
Q6ZV73	Q96MA6
Q6ZV73	Q9BWD3
Q6ZV73	Q9BYV2
Q6ZV73	Q9H0I2
Q6ZV73	Q9H6F5
Q6ZV73	Q9HD26
Q6ZV73	Q9NPJ8
Q6ZV73	Q9NRI5
Q6ZV73	Q9NYB9
Q6ZV73	Q9NYJ8
Q6ZV73	Q9P2K3
Q6ZV73	Q9P2M7
Q6ZV73	Q9Y250
Q6ZV73	Q9Y2Y4
Q6ZV73	Q9Y586
Q86YV0	Q8IZD4
Q86YV0	Q8N0S2
Q86YV0	Q8N5R6-4
Q86YV0	Q8N8B7
Q86YV0	Q8N8B7-2
Q86YV0	Q8TBB1
Q86YV0	Q8TD31
Q86YV0	Q8TEC5
Q86YV0	Q96BZ8
Q86YV0	Q96CN5
Q86YV0	Q96GM5
Q86YV0	Q96HB5
Q86YV0	Q96LK0
Q86YV0	Q96MA6
Q86YV0	Q9BWD3
Q86YV0	Q9BYV2
Q86YV0	Q9H0I2
Q86YV0	Q9H6F5
Q86YV0	Q9HD26
Q86YV0	Q9NPJ8
Q86YV0	Q9NRI5
Q86YV0	Q9NYB9
Q86YV0	Q9NYJ8
Q86YV0	Q9P2K3
Q86YV0	Q9P2M7
Q86YV0	Q9Y250
Q86YV0	Q9Y2Y4
Q86YV0	Q9Y586
Q8IZD4	Q8N0S2
Q8IZD4	Q8N5R6-4
Q8IZD4	Q8N8B7
Q8IZD4	Q8N8B7-2
Q8IZD4	Q8TBB1
Q8IZD4	Q8TD31
Q8IZD4	Q8TEC5
Q8IZD4	Q96BZ8
Q8IZD4	Q96CN5
Q8IZD4	Q96GM5
Q8IZD4	Q96HB5
Q8IZD4	Q96LK0
Q8IZD4	Q96MA6
Q8IZD4	Q9BWD3
Q8IZD4	Q9BYV2
Q8IZD4	Q9H0I2
Q8IZD4	Q9H6F5
Q8IZD4	Q9HD26
Q8IZD4	Q9NPJ8
Q8IZD4	Q9NRI5
Q8IZD4	Q9NYB9
Q8IZD4	Q9NYJ8
Q8IZD4	Q9P2K3
Q8IZD4	Q9P2M7
Q8IZD4	Q9Y250
Q8IZD4	Q9Y2Y4
Q8IZD4	Q9Y586
Q8N0S2	Q8N5R6-4
Q8N0S2	Q8N8B7
Q8N0S2	Q8N8B7-2
Q8N0S2	Q8TBB1
Q8N0S2	Q8TD31
Q8N0S2	Q8TEC5
Q8N0S2	Q96BZ8
Q8N0S2	Q96CN5
Q8N0S2	Q96GM5
Q8N0S2	Q96HB5
Q8N0S2	Q96LK0
Q8N0S2	Q96MA6
Q8N0S2	Q9BWD3
Q8N0S2	Q9BYV2
Q8N0S2	Q9H0I2
Q8N0S2	Q9H6F5
Q8N0S2	Q9HD26
Q8N0S2	Q9NPJ8
Q8N0S2	Q9NRI5
Q8N0S2	Q9NYB9
Q8N0S2	Q9NYJ8
Q8N0S2	Q9P2K3
Q8N0S2	Q9P2M7
Q8N0S2	Q9Y250
Q8N0S2	Q9Y2Y4
Q8N0S2	Q9Y586
Q8N5R6-4	Q8N8B7
Q8N5R6-4	Q8N8B7-2
Q8N5R6-4	Q8TBB1
Q8N5R6-4	Q8TD31
Q8N5R6-4	Q8TEC5
Q8N5R6-4	Q96BZ8
Q8N5R6-4	Q96CN5
Q8N5R6-4	Q96GM5
Q8N5R6-4	Q96HB5
Q8N5R6-4	Q96LK0
Q8N5R6-4	Q96MA6
Q8N5R6-4	Q9BWD3
Q8N5R6-4	Q9BYV2
Q8N5R6-4	Q9H0I2
Q8N5R6-4	Q9H6F5
Q8N5R6-4	Q9HD26
Q8N5R6-4	Q9NPJ8
Q8N5R6-4	Q9NRI5
Q8N5R6-4	Q9NYB9
Q8N5R6-4	Q9NYJ8
Q8N5R6-4	Q9P2K3
Q8N5R6-4	Q9P2M7
Q8N5R6-4	Q9Y250
Q8N5R6-4	Q9Y2Y4
Q8N5R6-4	Q9Y586
Q8N8B7	Q8N8B7-2
Q8N8B7	Q8TBB1
Q8N8B7	Q8TD31
Q8N8B7	Q8TEC5
Q8N8B7	Q96BZ8
Q8N8B7	Q96CN5
Q8N8B7	Q96GM5
Q8N8B7	Q96HB5
Q8N8B7	Q96LK0
Q8N8B7	Q96MA6
Q8N8B7	Q9BWD3
Q8N8B7	Q9BYV2
Q8N8B7	Q9H0I2
Q8N8B7	Q9H6F5
Q8N8B7	Q9HD26
Q8N8B7	Q9NPJ8
Q8N8B7	Q9NRI5
Q8N8B7	Q9NYB9
Q8N8B7	Q9NYJ8
Q8N8B7	Q9P2K3
Q8N8B7	Q9P2M7
Q8N8B7	Q9Y250
Q8N8B7	Q9Y2Y4
Q8N8B7	Q9Y586
Q8N8B7-2	Q8TBB1
Q8N8B7-2	Q8TD31
Q8N8B7-2	Q8TEC5
Q8N8B7-2	Q96BZ8
Q8N8B7-2	Q96CN5
Q8N8B7-2	Q96GM5
Q8N8B7-2	Q96HB5
Q8N8B7-2	Q96LK0
Q8N8B7-2	Q96MA6
Q8N8B7-2	Q9BWD3
Q8N8B7-2	Q9BYV2
Q8N8B7-2	Q9H0I2
Q8N8B7-2	Q9H6F5
Q8N8B7-2	Q9HD26
Q8N8B7-2	Q9NPJ8
Q8N8B7-2	Q9NRI5
Q8N8B7-2	Q9NYB9
Q8N8B7-2	Q9NYJ8
Q8N8B7-2	Q9P2K3
Q8N8B7-2	Q9P2M7
Q8N8B7-2	Q9Y250
Q8N8B7-2	Q9Y2Y4
Q8N8B7-2	Q9Y586
Q8TBB1	Q8TD31
Q8TBB1	Q8TEC5
Q8TBB1	Q96BZ8
Q8TBB1	Q96CN5
Q8TBB1	Q96GM5
Q8TBB1	Q96HB5
Q8TBB1	Q96LK0
Q8TBB1	Q96MA6
Q8TBB1	Q9BWD3
Q8TBB1	Q9BYV2
Q8TBB1	Q9H0I2
Q8TBB1	Q9H6F5
Q8TBB1	Q9HD26
Q8TBB1	Q9NPJ8
Q8TBB1	Q9NRI5
Q8TBB1	Q9NYB9
Q8TBB1	Q9NYJ8
Q8TBB1	Q9P2K3
Q8TBB1	Q9P2M7
Q8TBB1	Q9Y250
Q8TBB1	Q9Y2Y4
Q8TBB1	Q9Y586
Q8TD31	Q8TEC5
Q8TD31	Q96BZ8
Q8TD31	Q96CN5
Q8TD31	Q96GM5
Q8TD31	Q96HB5
Q8TD31	Q96LK0
Q8TD31	Q96MA6
Q8TD31	Q9BWD3
Q8TD31	Q9BYV2
Q8TD31	Q9H0I2
Q8TD31	Q9H6F5
Q8TD31	Q9HD26
Q8TD31	Q9NPJ8
Q8TD31	Q9NRI5
Q8TD31	Q9NYB9
Q8TD31	Q9NYJ8
Q8TD31	Q9P2K3
Q8TD31	Q9P2M7
Q8TD31	Q9Y250
Q8TD31	Q9Y2Y4
Q8TD31	Q9Y586
Q8TEC5	Q96BZ8
Q8TEC5	Q96CN5
Q8TEC5	Q96GM5
Q8TEC5	Q96HB5
Q8TEC5	Q96LK0
Q8TEC5	Q96MA6
Q8TEC5	Q9BWD3
Q8TEC5	Q9BYV2
Q8TEC5	Q9H0I2
Q8TEC5	Q9H6F5
Q8TEC5	Q9HD26
Q8TEC5	Q9NPJ8
Q8TEC5	Q9NRI5
Q8TEC5	Q9NYB9
Q8TEC5	Q9NYJ8
Q8TEC5	Q9P2K3
Q8TEC5	Q9P2M7
Q8TEC5	Q9Y250
Q8TEC5	Q9Y2Y4
Q8TEC5	Q9Y586
Q96BZ8	Q96CN5
Q96BZ8	Q96GM5
Q96BZ8	Q96HB5
Q96BZ8	Q96LK0
Q96BZ8	Q96MA6
Q96BZ8	Q9BWD3
Q96BZ8	Q9BYV2
Q96BZ8	Q9H0I2
Q96BZ8	Q9H6F5
Q96BZ8	Q9HD26
Q96BZ8	Q9NPJ8
Q96BZ8	Q9NRI5
Q96BZ8	Q9NYB9
Q96BZ8	Q9NYJ8
Q96BZ8	Q9P2K3
Q96BZ8	Q9P2M7
Q96BZ8	Q9Y250
Q96BZ8	Q9Y2Y4
Q96BZ8	Q9Y586
Q96CN5	Q96GM5
Q96CN5	Q96HB5
Q96CN5	Q96LK0
Q96CN5	Q96MA6
Q96CN5	Q9BWD3
Q96CN5	Q9BYV2
Q96CN5	Q9H0I2
Q96CN5	Q9H6F5
Q96CN5	Q9HD26
Q96CN5	Q9NPJ8
Q96CN5	Q9NRI5
Q96CN5	Q9NYB9
Q96CN5	Q9NYJ8
Q96CN5	Q9P2K3
Q96CN5	Q9P2M7
Q96CN5	Q9Y250
Q96CN5	Q9Y2Y4
Q96CN5	Q9Y586
Q96GM5	Q96HB5
Q96GM5	Q96LK0
Q96GM5	Q96MA6
Q96GM5	Q9BWD3
Q96GM5	Q9BYV2
Q96GM5	Q9H0I2
Q96GM5	Q9H6F5
Q96GM5	Q9HD26
Q96GM5	Q9NPJ8
Q96GM5	Q9NRI5
Q96GM5	Q9NYB9
Q96GM5	Q9NYJ8
Q96GM5	Q9P2K3
Q96GM5	Q9P2M7
Q96GM5	Q9Y250
Q96GM5	Q9Y2Y4
Q96GM5	Q9Y586
Q96HB5	Q96LK0
Q96HB5	Q96MA6
Q96HB5	Q9BWD3
Q96HB5	Q9BYV2
Q96HB5	Q9H0I2
Q96HB5	Q9H6F5
Q96HB5	Q9HD26
Q96HB5	Q9NPJ8
Q96HB5	Q9NRI5
Q96HB5	Q9NYB9
Q96HB5	Q9NYJ8
Q96HB5	Q9P2K3
Q96HB5	Q9P2M7
Q96HB5	Q9Y250
Q96HB5	Q9Y2Y4
Q96HB5	Q9Y586
Q96LK0	Q96MA6
Q96LK0	Q9BWD3
Q96LK0	Q9BYV2
Q96LK0	Q9H0I2
Q96LK0	Q9H6F5
Q96LK0	Q9HD26
Q96LK0	Q9NPJ8
Q96LK0	Q9NRI5
Q96LK0	Q9NYB9
Q96LK0	Q9NYJ8
Q96LK0	Q9P2K3
Q96LK0	Q9P2M7
Q96LK0	Q9Y250
Q96LK0	Q9Y2Y4
Q96LK0	Q9Y586
Q96MA6	Q9BWD3
Q96MA6	Q9BYV2
Q96MA6	Q9H0I2
Q96MA6	Q9H6F5
Q96MA6	Q9HD26
Q96MA6	Q9NPJ8
Q96MA6	Q9NRI5
Q96MA6	Q9NYB9
Q96MA6	Q9NYJ8
Q96MA6	Q9P2K3
Q96MA6	Q9P2M7
Q96MA6	Q9Y250
Q96MA6	Q9Y2Y4
Q96MA6	Q9Y586
Q9BWD3	Q9BYV2
Q9BWD3	Q9H0I2
Q9BWD3	Q9H6F5
Q9BWD3	Q9HD26
Q9BWD3	Q9NPJ8
Q9BWD3	Q9NRI5
Q9BWD3	Q9NYB9
Q9BWD3	Q9NYJ8
Q9BWD3	Q9P2K3
Q9BWD3	Q9P2M7
Q9BWD3	Q9Y250
Q9BWD3	Q9Y2Y4
Q9BWD3	Q9Y586
Q9BYV2	Q9H0I2
Q9BYV2	Q9H6F5
Q9BYV2	Q9HD26
Q9BYV2	Q9NPJ8
Q9BYV2	Q9NRI5
Q9BYV2	Q9NYB9
Q9BYV2	Q9NYJ8
Q9BYV2	Q9P2K3
Q9BYV2	Q9P2M7
Q9BYV2	Q9Y250
Q9BYV2	Q9Y2Y4
Q9BYV2	Q9Y586
Q9H0I2	Q9H6F5
Q9H0I2	Q9HD26
Q9H0I2	Q9NPJ8
Q9H0I2	Q9NRI5
Q9H0I2	Q9NYB9
Q9H0I2	Q9NYJ8
Q9H0I2	Q9P2K3
Q9H0I2	Q9P2M7
Q9H0I2	Q9Y250
Q9H0I2	Q9Y2Y4
Q9H0I2	Q9Y586
Q9H6F5	Q9HD26
Q9H6F5	Q9NPJ8
Q9H6F5	Q9NRI5
Q9H6F5	Q9NYB9
Q9H6F5	Q9NYJ8
Q9H6F5	Q9P2K3
Q9H6F5	Q9P2M7
Q9H6F5	Q9Y250
Q9H6F5	Q9Y2Y4
Q9H6F5	Q9Y586
Q9HD26	Q9NPJ8
Q9HD26	Q9NRI5
Q9HD26	Q9NYB9
Q9HD26	Q9NYJ8
Q9HD26	Q9P2K3
Q9HD26	Q9P2M7
Q9HD26	Q9Y250
Q9HD26	Q9Y2Y4
Q9HD26	Q9Y586
Q9NPJ8	Q9NRI5
Q9NPJ8	Q9NYB9
Q9NPJ8	Q9NYJ8
Q9NPJ8	Q9P2K3
Q9NPJ8	Q9P2M7
Q9NPJ8	Q9Y250
Q9NPJ8	Q9Y2Y4
Q9NPJ8	Q9Y586
Q9NRI5	Q9NYB9
Q9NRI5	Q9NYJ8
Q9NRI5	Q9P2K3
Q9NRI5	Q9P2M7
Q9NRI5	Q9Y250
Q9NRI5	Q9Y2Y4
Q9NRI5	Q9Y586
Q9NYB9	Q9NYJ8
Q9NYB9	Q9P2K3
Q9NYB9	Q9P2M7
Q9NYB9	Q9Y250
Q9NYB9	Q9Y2Y4
Q9NYB9	Q9Y586
Q9NYJ8	Q9P2K3
Q9NYJ8	Q9P2M7
Q9NYJ8	Q9Y250
Q9NYJ8	Q9Y2Y4
Q9NYJ8	Q9Y586
Q9P2K3	Q9P2M7
Q9P2K3	Q9Y250
Q9P2K3	Q9Y2Y4
Q9P2K3	Q9Y586
Q9P2M7	Q9Y250
Q9P2M7	Q9Y2Y4
Q9P2M7	Q9Y586
Q9Y250	Q9Y2Y4
Q9Y250	Q9Y586
Q9Y2Y4	Q9Y586
